nohup: ignoring input
🚀 Starting Standalone Sentiment Service...
⏱️ Sentiment pipeline interval set to 900s

[2025-11-23T21:05:16.153Z] 🧠 Running Sentiment Pipeline...
[RSS] fetching coindesk (https://www.coindesk.com/arc/outboundfeeds/rss/?outputType=xml)
[RSS] parsed 0 new rows (post-dedupe) for coindesk
[RSS] fetching cointelegraph (https://cointelegraph.com/rss)
[RSS] parsed 1 new rows (post-dedupe) for cointelegraph
[RSS] inserted 1 rows from cointelegraph
[RSS] fetching decrypt (https://decrypt.co/feed)
[RSS] parsed 0 new rows (post-dedupe) for decrypt
[RSS] fetching cryptoslate (http://localhost:1200/cryptoslate)
[RSS error] cryptoslate failed: Error: Status code 503
[RSS] fetching cn_jinse_all (http://localhost:1200/jinse/lives)
[RSS] parsed 0 new rows (post-dedupe) for cn_jinse_all
[RSS] fetching cn_jinse_policy (http://localhost:1200/jinse/lives/2)
[RSS] parsed 0 new rows (post-dedupe) for cn_jinse_policy
[RSS] fetching cn_odaily_newsflash (https://rss.odaily.news/rss/newsflash)
[RSS] parsed 0 new rows (post-dedupe) for cn_odaily_newsflash
[RSS] fetching cn_odaily_articles (https://rss.odaily.news/rss/post)
[RSS] parsed 0 new rows (post-dedupe) for cn_odaily_articles
[RSS] fetching cn_blockbeats_newsflash (https://api.theblockbeats.news/v2/rss/newsflash)
[RSS] parsed 0 new rows (post-dedupe) for cn_blockbeats_newsflash
[RSS] fetching cn_blockbeats_article (https://api.theblockbeats.news/v2/rss/article)
[RSS] parsed 0 new rows (post-dedupe) for cn_blockbeats_article
Twitter rate limited, skipping this run { limit: 1, remaining: 0, reset: 1763932085 }
Scored 1 messages
Snapshot BTC: score=-0.036 mentions=4 change2h=-0.153
Snapshot ETH: score=0.183 mentions=5 change2h=0.183
Snapshot SOL: score=0.176 mentions=4 change2h=-0.424
Snapshot ARB: score=0.000 mentions=0 change2h=-1.000
Snapshot VVV: score=0.000 mentions=0 change2h=0.000
Snapshot FARTCOIN: score=0.000 mentions=0 change2h=-0.400
Snapshot ZEN: score=0.000 mentions=0 change2h=0.000
Snapshot PUMP: score=0.000 mentions=0 change2h=0.000
Snapshot AAVE: score=0.944 mentions=1 change2h=0.944
Snapshot XPL: score=0.000 mentions=0 change2h=0.000
Snapshot AVAX: score=0.000 mentions=0 change2h=0.000
Snapshot PENDLE: score=0.000 mentions=0 change2h=0.000
Snapshot ADA: score=0.000 mentions=0 change2h=0.000
Snapshot FET: score=0.000 mentions=0 change2h=0.000
Snapshot COMP: score=0.000 mentions=0 change2h=0.000
Snapshot PROMPT: score=0.000 mentions=0 change2h=0.000
Snapshot TRUMP: score=0.000 mentions=0 change2h=0.000
Snapshot VIRTUAL: score=0.000 mentions=0 change2h=0.000
Snapshot SUI: score=0.000 mentions=0 change2h=0.000
Snapshot MEME: score=0.000 mentions=0 change2h=0.000
Snapshot JUP: score=0.770 mentions=1 change2h=0.770
Snapshot MORPHO: score=0.000 mentions=0 change2h=0.000
Snapshot PENGU: score=0.000 mentions=0 change2h=0.000
Snapshot ATOM: score=0.000 mentions=0 change2h=0.000
Snapshot NEAR: score=0.000 mentions=0 change2h=0.267
Snapshot BSV: score=0.000 mentions=0 change2h=0.000
Snapshot LINEA: score=0.000 mentions=1 change2h=0.000
Snapshot MATIC: score=0.000 mentions=0 change2h=0.000
Snapshot DYDX: score=0.000 mentions=0 change2h=0.000
Snapshot BNB: score=0.968 mentions=1 change2h=0.568
Snapshot APE: score=0.000 mentions=0 change2h=0.000
Snapshot OP: score=0.000 mentions=0 change2h=-1.000
Snapshot LTC: score=0.000 mentions=0 change2h=0.000
Snapshot DOGE: score=0.000 mentions=0 change2h=0.000
Snapshot INJ: score=0.000 mentions=0 change2h=0.000
Snapshot KPEPE: score=0.000 mentions=0 change2h=0.000
Snapshot CRV: score=0.000 mentions=0 change2h=0.000
Snapshot LDO: score=0.000 mentions=0 change2h=0.000
Snapshot LINK: score=0.000 mentions=0 change2h=0.000
Snapshot STX: score=0.000 mentions=0 change2h=0.000
Snapshot RNDR: score=0.000 mentions=0 change2h=0.000
Snapshot CFX: score=0.000 mentions=0 change2h=0.000
Snapshot FTM: score=0.000 mentions=0 change2h=0.000
Snapshot GMX: score=0.000 mentions=0 change2h=0.000
Snapshot SNX: score=0.000 mentions=0 change2h=0.000
Snapshot XRP: score=0.000 mentions=1 change2h=0.400
Snapshot BCH: score=0.000 mentions=0 change2h=0.000
Snapshot APT: score=0.000 mentions=0 change2h=0.000
Snapshot MKR: score=0.000 mentions=0 change2h=0.000
Snapshot WLD: score=0.000 mentions=0 change2h=0.000
Snapshot FXS: score=0.000 mentions=0 change2h=0.000
Snapshot HPOS: score=0.000 mentions=0 change2h=0.000
Snapshot RLB: score=0.000 mentions=0 change2h=0.000
Snapshot UNIBOT: score=0.000 mentions=0 change2h=0.000
Snapshot YGG: score=0.000 mentions=0 change2h=0.000
Snapshot TRX: score=0.000 mentions=0 change2h=0.000
Snapshot KSHIB: score=0.000 mentions=0 change2h=0.000
Snapshot UNI: score=0.000 mentions=0 change2h=-0.400
Snapshot SEI: score=0.000 mentions=0 change2h=0.000
Snapshot RUNE: score=0.000 mentions=0 change2h=0.000
Snapshot OX: score=0.000 mentions=0 change2h=0.000
Snapshot FRIEND: score=0.000 mentions=0 change2h=0.000
Snapshot SHIA: score=0.000 mentions=0 change2h=0.000
Snapshot CYBER: score=0.000 mentions=0 change2h=0.000
Snapshot ZRO: score=0.000 mentions=0 change2h=0.000
Snapshot BLZ: score=0.000 mentions=0 change2h=0.000
Snapshot DOT: score=0.000 mentions=0 change2h=0.000
Snapshot BANANA: score=0.000 mentions=0 change2h=0.000
Snapshot TRB: score=0.000 mentions=0 change2h=0.000
Snapshot FTT: score=0.000 mentions=0 change2h=0.000
Snapshot LOOM: score=0.000 mentions=0 change2h=0.000
Snapshot OGN: score=0.000 mentions=0 change2h=0.000
Snapshot RDNT: score=0.000 mentions=0 change2h=0.000
Snapshot ARK: score=0.000 mentions=0 change2h=0.200
Snapshot BNT: score=0.000 mentions=0 change2h=0.000
Snapshot CANTO: score=0.000 mentions=0 change2h=0.000
Snapshot REQ: score=0.000 mentions=0 change2h=0.000
Snapshot BIGTIME: score=0.000 mentions=0 change2h=0.000
Snapshot KAS: score=0.000 mentions=0 change2h=0.000
Snapshot ORBS: score=0.000 mentions=0 change2h=0.000
Snapshot BLUR: score=0.000 mentions=0 change2h=0.000
Snapshot TIA: score=0.000 mentions=0 change2h=0.000
Snapshot TON: score=0.000 mentions=0 change2h=0.000
Snapshot MINA: score=0.000 mentions=0 change2h=0.000
Snapshot POLYX: score=0.000 mentions=0 change2h=0.000
Snapshot GAS: score=0.000 mentions=0 change2h=0.000
Snapshot STG: score=0.000 mentions=0 change2h=0.000
Snapshot STRAX: score=0.000 mentions=0 change2h=0.000
Snapshot ORDI: score=0.000 mentions=0 change2h=0.000
Snapshot BADGER: score=0.000 mentions=0 change2h=0.000
Snapshot NEO: score=0.000 mentions=0 change2h=0.000
Snapshot FIL: score=0.000 mentions=0 change2h=0.000
Snapshot PYTH: score=0.000 mentions=0 change2h=0.000
Snapshot SUSHI: score=0.000 mentions=0 change2h=0.000
Snapshot ILV: score=0.000 mentions=0 change2h=0.000
Snapshot IMX: score=0.000 mentions=0 change2h=0.000
Snapshot KBONK: score=0.000 mentions=0 change2h=0.000
Snapshot GMT: score=0.000 mentions=0 change2h=0.000
Snapshot SUPER: score=0.000 mentions=0 change2h=0.000
Snapshot USTC: score=0.000 mentions=0 change2h=0.000
Snapshot NFTI: score=0.000 mentions=0 change2h=0.000
Snapshot KLUNC: score=0.000 mentions=0 change2h=0.000
Snapshot RSR: score=0.000 mentions=0 change2h=0.000
Snapshot GALA: score=0.000 mentions=0 change2h=0.000
Snapshot JTO: score=0.000 mentions=0 change2h=0.000
Snapshot NTRN: score=0.000 mentions=0 change2h=0.000
Snapshot ACE: score=0.000 mentions=0 change2h=0.000
Snapshot MAV: score=0.000 mentions=0 change2h=-0.400
Snapshot WIF: score=0.000 mentions=0 change2h=0.000
Snapshot CAKE: score=0.000 mentions=0 change2h=0.000
Snapshot PEOPLE: score=0.000 mentions=0 change2h=0.000
Snapshot ENS: score=0.000 mentions=0 change2h=0.000
Snapshot ETC: score=0.000 mentions=0 change2h=0.000
Snapshot XAI: score=0.000 mentions=0 change2h=0.000
Snapshot MANTA: score=0.000 mentions=0 change2h=0.000
Snapshot UMA: score=0.000 mentions=0 change2h=0.000
Snapshot ONDO: score=0.000 mentions=0 change2h=0.000
Snapshot ALT: score=0.000 mentions=0 change2h=0.200
Snapshot ZETA: score=0.000 mentions=0 change2h=0.000
Snapshot DYM: score=0.000 mentions=0 change2h=-0.400
Snapshot MAVIA: score=0.000 mentions=0 change2h=0.000
Snapshot W: score=0.000 mentions=0 change2h=0.000
Snapshot PANDORA: score=0.000 mentions=0 change2h=0.000
Snapshot STRK: score=0.000 mentions=0 change2h=0.000
Snapshot PIXEL: score=0.000 mentions=0 change2h=0.000
Snapshot AI: score=0.000 mentions=1 change2h=0.000
Snapshot TAO: score=0.000 mentions=0 change2h=0.000
Snapshot AR: score=0.000 mentions=0 change2h=0.000
Snapshot MYRO: score=0.000 mentions=0 change2h=0.000
Snapshot KFLOKI: score=0.000 mentions=0 change2h=0.000
Snapshot BOME: score=0.000 mentions=0 change2h=0.000
Snapshot ETHFI: score=0.000 mentions=0 change2h=0.000
Snapshot ENA: score=0.000 mentions=0 change2h=0.000
Snapshot MNT: score=0.000 mentions=0 change2h=0.000
Snapshot TNSR: score=0.000 mentions=0 change2h=-0.400
Snapshot SAGA: score=0.000 mentions=0 change2h=0.000
Snapshot MERL: score=0.000 mentions=0 change2h=0.000
Snapshot HBAR: score=0.000 mentions=0 change2h=0.000
Snapshot POPCAT: score=0.000 mentions=0 change2h=0.000
Snapshot OMNI: score=0.000 mentions=0 change2h=0.000
Snapshot EIGEN: score=0.000 mentions=0 change2h=0.000
Snapshot REZ: score=0.000 mentions=0 change2h=0.000
Snapshot NOT: score=0.804 mentions=1 change2h=0.804
Snapshot TURBO: score=0.000 mentions=0 change2h=0.000
Snapshot BRETT: score=0.000 mentions=0 change2h=0.000
Snapshot IO: score=0.000 mentions=0 change2h=0.000
Snapshot ZK: score=0.000 mentions=0 change2h=0.000
Snapshot BLAST: score=0.000 mentions=0 change2h=0.000
Snapshot LISTA: score=0.000 mentions=0 change2h=0.000
Snapshot MEW: score=0.000 mentions=0 change2h=0.000
Snapshot RENDER: score=0.000 mentions=0 change2h=0.000
Snapshot KDOGS: score=0.000 mentions=0 change2h=0.000
Snapshot POL: score=0.000 mentions=0 change2h=0.000
Snapshot CATI: score=0.000 mentions=0 change2h=0.000
Snapshot CELO: score=0.000 mentions=0 change2h=0.000
Snapshot HMSTR: score=0.000 mentions=0 change2h=0.000
Snapshot SCR: score=0.000 mentions=0 change2h=0.000
Snapshot NEIROETH: score=0.000 mentions=0 change2h=0.000
Snapshot KNEIRO: score=0.000 mentions=0 change2h=0.000
Snapshot GOAT: score=0.000 mentions=0 change2h=0.000
Snapshot MOODENG: score=0.000 mentions=0 change2h=0.000
Snapshot GRASS: score=0.000 mentions=0 change2h=0.000
Snapshot PURR: score=0.000 mentions=0 change2h=0.000
Snapshot PNUT: score=0.000 mentions=0 change2h=0.000
Snapshot XLM: score=0.000 mentions=0 change2h=0.000
Snapshot CHILLGUY: score=0.000 mentions=0 change2h=0.000
Snapshot SAND: score=0.000 mentions=0 change2h=0.000
Snapshot IOTA: score=0.000 mentions=0 change2h=0.000
Snapshot ALGO: score=0.000 mentions=0 change2h=0.000
Snapshot HYPE: score=0.000 mentions=0 change2h=-0.133
Snapshot ME: score=0.000 mentions=0 change2h=0.000
Snapshot MOVE: score=0.000 mentions=0 change2h=0.000
Snapshot USUAL: score=0.000 mentions=0 change2h=0.000
Snapshot AI16Z: score=0.000 mentions=0 change2h=0.000
Snapshot AIXBT: score=0.000 mentions=0 change2h=0.000
Snapshot ZEREBRO: score=0.000 mentions=0 change2h=0.000
Snapshot BIO: score=0.000 mentions=0 change2h=0.000
Snapshot GRIFFAIN: score=0.000 mentions=0 change2h=0.000
Snapshot SPX: score=0.000 mentions=0 change2h=0.000
Snapshot S: score=-0.167 mentions=1 change2h=-0.167
Snapshot MELANIA: score=0.000 mentions=0 change2h=0.000
Snapshot ANIME: score=0.000 mentions=0 change2h=0.000
Snapshot VINE: score=0.000 mentions=0 change2h=0.000
Snapshot JELLY: score=0.000 mentions=0 change2h=0.000
Snapshot BERA: score=0.000 mentions=0 change2h=0.000
Snapshot TST: score=0.000 mentions=0 change2h=0.000
Snapshot LAYER: score=0.913 mentions=1 change2h=0.913
Snapshot IP: score=0.000 mentions=0 change2h=0.000
Snapshot OM: score=0.000 mentions=0 change2h=0.000
Snapshot KAITO: score=0.000 mentions=0 change2h=0.000
Snapshot NIL: score=0.000 mentions=0 change2h=0.000
Snapshot PAXG: score=0.000 mentions=0 change2h=0.000
Snapshot BABY: score=0.000 mentions=0 change2h=0.000
Snapshot WCT: score=0.000 mentions=0 change2h=0.000
Snapshot HYPER: score=0.000 mentions=0 change2h=0.000
Snapshot ZORA: score=0.000 mentions=0 change2h=0.000
Snapshot INIT: score=0.000 mentions=0 change2h=0.000
Snapshot DOOD: score=0.000 mentions=0 change2h=0.000
Snapshot LAUNCHCOIN: score=0.000 mentions=0 change2h=0.000
Snapshot NXPC: score=0.000 mentions=0 change2h=0.000
Snapshot SOPH: score=0.000 mentions=0 change2h=0.000
Snapshot RESOLV: score=0.000 mentions=0 change2h=0.000
Snapshot SYRUP: score=0.000 mentions=0 change2h=0.000
Snapshot PROVE: score=0.000 mentions=0 change2h=0.000
Snapshot YZY: score=0.000 mentions=0 change2h=0.000
Snapshot WLFI: score=0.000 mentions=0 change2h=0.000
Snapshot SKY: score=0.000 mentions=0 change2h=0.000
Snapshot ASTER: score=0.000 mentions=0 change2h=0.000
Snapshot AVNT: score=0.000 mentions=0 change2h=0.000
Snapshot STBL: score=0.000 mentions=0 change2h=0.000
Snapshot 0G: score=0.000 mentions=0 change2h=0.000
Snapshot HEMI: score=0.000 mentions=0 change2h=0.000
Snapshot APEX: score=0.000 mentions=0 change2h=0.000
Snapshot 2Z: score=0.000 mentions=0 change2h=0.000
Snapshot ZEC: score=0.000 mentions=1 change2h=0.400
Snapshot MON: score=0.832 mentions=2 change2h=0.832
Snapshot MET: score=0.000 mentions=0 change2h=0.000
Snapshot MEGA: score=0.000 mentions=0 change2h=-0.600
Snapshot CC: score=0.000 mentions=0 change2h=0.000
Snapshot ICP: score=0.000 mentions=0 change2h=0.000
Snapshot AERO: score=0.000 mentions=0 change2h=0.000
✅ Sentiment pipeline cycle completed.
💤 Sleeping for 900s...

[2025-11-23T21:20:30.774Z] 🧠 Running Sentiment Pipeline...
[RSS] fetching coindesk (https://www.coindesk.com/arc/outboundfeeds/rss/?outputType=xml)
[RSS] parsed 0 new rows (post-dedupe) for coindesk
[RSS] fetching cointelegraph (https://cointelegraph.com/rss)
[RSS] parsed 0 new rows (post-dedupe) for cointelegraph
[RSS] fetching decrypt (https://decrypt.co/feed)
[RSS] parsed 0 new rows (post-dedupe) for decrypt
[RSS] fetching cryptoslate (http://localhost:1200/cryptoslate)
[RSS error] cryptoslate failed: Error: Status code 503
[RSS] fetching cn_jinse_all (http://localhost:1200/jinse/lives)
[RSS] parsed 1 new rows (post-dedupe) for cn_jinse_all
[RSS] inserted 1 rows from cn_jinse_all
[RSS] fetching cn_jinse_policy (http://localhost:1200/jinse/lives/2)
[RSS] parsed 0 new rows (post-dedupe) for cn_jinse_policy
[RSS] fetching cn_odaily_newsflash (https://rss.odaily.news/rss/newsflash)
[RSS] parsed 0 new rows (post-dedupe) for cn_odaily_newsflash
[RSS] fetching cn_odaily_articles (https://rss.odaily.news/rss/post)
[RSS] parsed 0 new rows (post-dedupe) for cn_odaily_articles
[RSS] fetching cn_blockbeats_newsflash (https://api.theblockbeats.news/v2/rss/newsflash)
[RSS] parsed 0 new rows (post-dedupe) for cn_blockbeats_newsflash
[RSS] fetching cn_blockbeats_article (https://api.theblockbeats.news/v2/rss/article)
[RSS] parsed 0 new rows (post-dedupe) for cn_blockbeats_article
Twitter rate limited, skipping this run { limit: 1, remaining: 0, reset: 1763933207 }
Scored 1 messages
Snapshot BTC: score=-0.372 mentions=4 change2h=-0.450
Snapshot ETH: score=0.183 mentions=5 change2h=0.183
Snapshot SOL: score=-0.480 mentions=2 change2h=-1.080
Snapshot ARB: score=0.000 mentions=0 change2h=-1.000
Snapshot VVV: score=0.000 mentions=0 change2h=0.000
Snapshot FARTCOIN: score=0.000 mentions=0 change2h=-0.400
Snapshot ZEN: score=0.000 mentions=0 change2h=0.000
Snapshot PUMP: score=0.000 mentions=0 change2h=0.000
Snapshot AAVE: score=0.944 mentions=1 change2h=0.944
Snapshot XPL: score=0.000 mentions=0 change2h=0.000
Snapshot AVAX: score=0.000 mentions=0 change2h=0.000
Snapshot PENDLE: score=0.000 mentions=0 change2h=0.000
Snapshot ADA: score=0.000 mentions=0 change2h=0.000
Snapshot FET: score=0.000 mentions=0 change2h=0.000
Snapshot COMP: score=0.000 mentions=0 change2h=0.000
Snapshot PROMPT: score=0.000 mentions=0 change2h=0.000
Snapshot TRUMP: score=0.000 mentions=0 change2h=0.000
Snapshot VIRTUAL: score=0.000 mentions=0 change2h=0.000
Snapshot SUI: score=0.000 mentions=0 change2h=0.000
Snapshot MEME: score=0.000 mentions=0 change2h=0.000
Snapshot JUP: score=0.000 mentions=0 change2h=0.000
Snapshot MORPHO: score=0.000 mentions=0 change2h=0.000
Snapshot PENGU: score=0.000 mentions=0 change2h=0.000
Snapshot ATOM: score=0.000 mentions=0 change2h=0.000
Snapshot NEAR: score=0.000 mentions=0 change2h=0.267
Snapshot BSV: score=0.000 mentions=0 change2h=0.000
Snapshot LINEA: score=0.000 mentions=1 change2h=0.000
Snapshot MATIC: score=0.000 mentions=0 change2h=0.000
Snapshot DYDX: score=0.000 mentions=0 change2h=0.000
Snapshot BNB: score=0.968 mentions=1 change2h=0.568
Snapshot APE: score=0.000 mentions=0 change2h=0.000
Snapshot OP: score=0.000 mentions=0 change2h=-1.000
Snapshot LTC: score=0.000 mentions=0 change2h=0.000
Snapshot DOGE: score=0.000 mentions=0 change2h=0.000
Snapshot INJ: score=0.000 mentions=0 change2h=0.000
Snapshot KPEPE: score=0.000 mentions=0 change2h=0.000
Snapshot CRV: score=0.000 mentions=0 change2h=0.000
Snapshot LDO: score=0.000 mentions=0 change2h=0.000
Snapshot LINK: score=0.000 mentions=0 change2h=0.000
Snapshot STX: score=0.000 mentions=0 change2h=0.000
Snapshot RNDR: score=0.000 mentions=0 change2h=0.000
Snapshot CFX: score=0.000 mentions=0 change2h=0.000
Snapshot FTM: score=0.000 mentions=0 change2h=0.000
Snapshot GMX: score=0.000 mentions=0 change2h=0.000
Snapshot SNX: score=0.000 mentions=0 change2h=0.000
Snapshot XRP: score=0.000 mentions=1 change2h=0.400
Snapshot BCH: score=0.000 mentions=0 change2h=0.000
Snapshot APT: score=0.000 mentions=0 change2h=0.000
Snapshot MKR: score=0.000 mentions=0 change2h=0.000
Snapshot WLD: score=0.000 mentions=0 change2h=0.000
Snapshot FXS: score=0.000 mentions=0 change2h=0.000
Snapshot HPOS: score=0.000 mentions=0 change2h=0.000
Snapshot RLB: score=0.000 mentions=0 change2h=0.000
Snapshot UNIBOT: score=0.000 mentions=0 change2h=0.000
Snapshot YGG: score=0.000 mentions=0 change2h=0.000
Snapshot TRX: score=0.000 mentions=0 change2h=0.000
Snapshot KSHIB: score=0.000 mentions=0 change2h=0.000
Snapshot UNI: score=0.000 mentions=0 change2h=-0.400
Snapshot SEI: score=0.000 mentions=0 change2h=0.000
Snapshot RUNE: score=0.000 mentions=0 change2h=0.000
Snapshot OX: score=0.000 mentions=0 change2h=0.000
Snapshot FRIEND: score=0.000 mentions=0 change2h=0.000
Snapshot SHIA: score=0.000 mentions=0 change2h=0.000
Snapshot CYBER: score=0.000 mentions=0 change2h=0.000
Snapshot ZRO: score=0.000 mentions=0 change2h=0.000
Snapshot BLZ: score=0.000 mentions=0 change2h=0.000
Snapshot DOT: score=0.000 mentions=0 change2h=0.000
Snapshot BANANA: score=0.000 mentions=0 change2h=0.000
Snapshot TRB: score=0.000 mentions=0 change2h=0.000
Snapshot FTT: score=0.000 mentions=0 change2h=0.000
Snapshot LOOM: score=0.000 mentions=0 change2h=0.000
Snapshot OGN: score=0.000 mentions=0 change2h=0.000
Snapshot RDNT: score=0.000 mentions=0 change2h=0.000
Snapshot ARK: score=0.000 mentions=0 change2h=0.200
Snapshot BNT: score=0.000 mentions=0 change2h=0.000
Snapshot CANTO: score=0.000 mentions=0 change2h=0.000
Snapshot REQ: score=0.000 mentions=0 change2h=0.000
Snapshot BIGTIME: score=0.000 mentions=0 change2h=0.000
Snapshot KAS: score=0.000 mentions=0 change2h=0.000
Snapshot ORBS: score=0.000 mentions=0 change2h=0.000
Snapshot BLUR: score=0.000 mentions=0 change2h=0.000
Snapshot TIA: score=0.000 mentions=0 change2h=0.000
Snapshot TON: score=0.000 mentions=0 change2h=0.000
Snapshot MINA: score=0.000 mentions=0 change2h=0.000
Snapshot POLYX: score=0.000 mentions=0 change2h=0.000
Snapshot GAS: score=0.000 mentions=0 change2h=0.000
Snapshot STG: score=0.000 mentions=0 change2h=0.000
Snapshot STRAX: score=0.000 mentions=0 change2h=0.000
Snapshot ORDI: score=0.000 mentions=0 change2h=0.000
Snapshot BADGER: score=0.000 mentions=0 change2h=0.000
Snapshot NEO: score=0.000 mentions=0 change2h=0.000
Snapshot FIL: score=0.000 mentions=0 change2h=0.000
Snapshot PYTH: score=0.000 mentions=0 change2h=0.000
Snapshot SUSHI: score=0.000 mentions=0 change2h=0.000
Snapshot ILV: score=0.000 mentions=0 change2h=0.000
Snapshot IMX: score=0.000 mentions=0 change2h=0.000
Snapshot KBONK: score=0.000 mentions=0 change2h=0.000
Snapshot GMT: score=0.000 mentions=0 change2h=0.000
Snapshot SUPER: score=0.000 mentions=0 change2h=0.000
Snapshot USTC: score=0.000 mentions=0 change2h=0.000
Snapshot NFTI: score=0.000 mentions=0 change2h=0.000
Snapshot KLUNC: score=0.000 mentions=0 change2h=0.000
Snapshot RSR: score=0.000 mentions=0 change2h=0.000
Snapshot GALA: score=0.000 mentions=0 change2h=0.000
Snapshot JTO: score=0.000 mentions=0 change2h=0.000
Snapshot NTRN: score=0.000 mentions=0 change2h=0.000
Snapshot ACE: score=0.000 mentions=0 change2h=0.000
Snapshot MAV: score=0.000 mentions=0 change2h=-0.400
Snapshot WIF: score=0.000 mentions=0 change2h=0.000
Snapshot CAKE: score=0.000 mentions=0 change2h=0.000
Snapshot PEOPLE: score=0.000 mentions=0 change2h=0.000
Snapshot ENS: score=0.000 mentions=0 change2h=0.000
Snapshot ETC: score=0.000 mentions=0 change2h=0.000
Snapshot XAI: score=0.000 mentions=0 change2h=0.000
Snapshot MANTA: score=0.000 mentions=0 change2h=0.000
Snapshot UMA: score=0.000 mentions=0 change2h=0.000
Snapshot ONDO: score=0.000 mentions=0 change2h=0.000
Snapshot ALT: score=0.000 mentions=0 change2h=0.200
Snapshot ZETA: score=0.000 mentions=0 change2h=0.000
Snapshot DYM: score=0.000 mentions=0 change2h=-0.400
Snapshot MAVIA: score=0.000 mentions=0 change2h=0.000
Snapshot W: score=0.000 mentions=0 change2h=0.000
Snapshot PANDORA: score=0.000 mentions=0 change2h=0.000
Snapshot STRK: score=0.000 mentions=0 change2h=0.000
Snapshot PIXEL: score=0.000 mentions=0 change2h=0.000
Snapshot AI: score=0.000 mentions=1 change2h=0.000
Snapshot TAO: score=0.000 mentions=0 change2h=0.000
Snapshot AR: score=0.000 mentions=0 change2h=0.000
Snapshot MYRO: score=0.000 mentions=0 change2h=0.000
Snapshot KFLOKI: score=0.000 mentions=0 change2h=0.000
Snapshot BOME: score=0.000 mentions=0 change2h=0.000
Snapshot ETHFI: score=0.000 mentions=0 change2h=0.000
Snapshot ENA: score=0.000 mentions=0 change2h=0.000
Snapshot MNT: score=0.000 mentions=0 change2h=0.000
Snapshot TNSR: score=0.000 mentions=0 change2h=-0.400
Snapshot SAGA: score=0.000 mentions=0 change2h=0.000
Snapshot MERL: score=0.000 mentions=0 change2h=0.000
Snapshot HBAR: score=0.000 mentions=0 change2h=0.000
Snapshot POPCAT: score=0.000 mentions=0 change2h=0.000
Snapshot OMNI: score=0.000 mentions=0 change2h=0.000
Snapshot EIGEN: score=0.000 mentions=0 change2h=0.000
Snapshot REZ: score=0.000 mentions=0 change2h=0.000
Snapshot NOT: score=0.804 mentions=1 change2h=0.728
Snapshot TURBO: score=0.000 mentions=0 change2h=0.000
Snapshot BRETT: score=0.000 mentions=0 change2h=0.000
Snapshot IO: score=0.000 mentions=0 change2h=0.000
Snapshot ZK: score=0.000 mentions=0 change2h=0.000
Snapshot BLAST: score=0.000 mentions=0 change2h=0.000
Snapshot LISTA: score=0.000 mentions=0 change2h=0.000
Snapshot MEW: score=0.000 mentions=0 change2h=0.000
Snapshot RENDER: score=0.000 mentions=0 change2h=0.000
Snapshot KDOGS: score=0.000 mentions=0 change2h=0.000
Snapshot POL: score=0.000 mentions=0 change2h=0.000
Snapshot CATI: score=0.000 mentions=0 change2h=0.000
Snapshot CELO: score=0.000 mentions=0 change2h=0.000
Snapshot HMSTR: score=0.000 mentions=0 change2h=0.000
Snapshot SCR: score=0.000 mentions=0 change2h=0.000
Snapshot NEIROETH: score=0.000 mentions=0 change2h=0.000
Snapshot KNEIRO: score=0.000 mentions=0 change2h=0.000
Snapshot GOAT: score=0.000 mentions=0 change2h=0.000
Snapshot MOODENG: score=0.000 mentions=0 change2h=0.000
Snapshot GRASS: score=0.000 mentions=0 change2h=0.000
Snapshot PURR: score=0.000 mentions=0 change2h=0.000
Snapshot PNUT: score=0.000 mentions=0 change2h=0.000
Snapshot XLM: score=0.000 mentions=0 change2h=0.000
Snapshot CHILLGUY: score=0.000 mentions=0 change2h=0.000
Snapshot SAND: score=0.000 mentions=0 change2h=0.000
Snapshot IOTA: score=0.000 mentions=0 change2h=0.000
Snapshot ALGO: score=0.000 mentions=0 change2h=0.000
Snapshot HYPE: score=0.000 mentions=0 change2h=-0.133
Snapshot ME: score=0.000 mentions=0 change2h=0.000
Snapshot MOVE: score=0.000 mentions=0 change2h=0.000
Snapshot USUAL: score=0.000 mentions=0 change2h=0.000
Snapshot AI16Z: score=0.000 mentions=0 change2h=0.000
Snapshot AIXBT: score=0.000 mentions=0 change2h=0.000
Snapshot ZEREBRO: score=0.000 mentions=0 change2h=0.000
Snapshot BIO: score=0.000 mentions=0 change2h=0.000
Snapshot GRIFFAIN: score=0.000 mentions=0 change2h=0.000
Snapshot SPX: score=0.000 mentions=0 change2h=0.000
Snapshot S: score=-0.167 mentions=1 change2h=-0.167
Snapshot MELANIA: score=0.000 mentions=0 change2h=0.000
Snapshot ANIME: score=0.000 mentions=0 change2h=0.000
Snapshot VINE: score=0.000 mentions=0 change2h=0.000
Snapshot JELLY: score=0.000 mentions=0 change2h=0.000
Snapshot BERA: score=0.000 mentions=0 change2h=0.000
Snapshot TST: score=0.000 mentions=0 change2h=0.000
Snapshot LAYER: score=0.913 mentions=1 change2h=0.913
Snapshot IP: score=0.000 mentions=0 change2h=0.000
Snapshot OM: score=0.000 mentions=0 change2h=0.000
Snapshot KAITO: score=0.000 mentions=0 change2h=0.000
Snapshot NIL: score=0.000 mentions=0 change2h=0.000
Snapshot PAXG: score=0.000 mentions=0 change2h=0.000
Snapshot BABY: score=0.000 mentions=0 change2h=0.000
Snapshot WCT: score=0.000 mentions=0 change2h=0.000
Snapshot HYPER: score=0.000 mentions=0 change2h=0.000
Snapshot ZORA: score=0.000 mentions=0 change2h=0.000
Snapshot INIT: score=0.000 mentions=0 change2h=0.000
Snapshot DOOD: score=0.000 mentions=0 change2h=0.000
Snapshot LAUNCHCOIN: score=0.000 mentions=0 change2h=0.000
Snapshot NXPC: score=0.000 mentions=0 change2h=0.000
Snapshot SOPH: score=0.000 mentions=0 change2h=0.000
Snapshot RESOLV: score=0.000 mentions=0 change2h=0.000
Snapshot SYRUP: score=0.000 mentions=0 change2h=0.000
Snapshot PROVE: score=0.000 mentions=0 change2h=0.000
Snapshot YZY: score=0.000 mentions=0 change2h=0.000
Snapshot WLFI: score=0.000 mentions=0 change2h=0.000
Snapshot SKY: score=0.000 mentions=0 change2h=0.000
Snapshot ASTER: score=0.000 mentions=0 change2h=0.000
Snapshot AVNT: score=0.000 mentions=0 change2h=0.000
Snapshot STBL: score=0.000 mentions=0 change2h=0.000
Snapshot 0G: score=0.000 mentions=0 change2h=0.000
Snapshot HEMI: score=0.000 mentions=0 change2h=0.000
Snapshot APEX: score=0.000 mentions=0 change2h=0.000
Snapshot 2Z: score=0.000 mentions=0 change2h=0.000
Snapshot ZEC: score=0.000 mentions=1 change2h=0.400
Snapshot MON: score=0.000 mentions=0 change2h=0.000
Snapshot MET: score=0.000 mentions=0 change2h=0.000
Snapshot MEGA: score=0.000 mentions=0 change2h=-0.600
Snapshot CC: score=0.000 mentions=0 change2h=0.000
Snapshot ICP: score=0.000 mentions=0 change2h=0.000
Snapshot AERO: score=0.000 mentions=0 change2h=0.000
✅ Sentiment pipeline cycle completed.
💤 Sleeping for 900s...

[2025-11-23T21:35:57.126Z] 🧠 Running Sentiment Pipeline...
[RSS] fetching coindesk (https://www.coindesk.com/arc/outboundfeeds/rss/?outputType=xml)
[RSS] parsed 0 new rows (post-dedupe) for coindesk
[RSS] fetching cointelegraph (https://cointelegraph.com/rss)
[RSS] parsed 0 new rows (post-dedupe) for cointelegraph
[RSS] fetching decrypt (https://decrypt.co/feed)
[RSS] parsed 0 new rows (post-dedupe) for decrypt
[RSS] fetching cryptoslate (http://localhost:1200/cryptoslate)
[RSS error] cryptoslate failed: Error: Status code 503
[RSS] fetching cn_jinse_all (http://localhost:1200/jinse/lives)
[RSS] parsed 0 new rows (post-dedupe) for cn_jinse_all
[RSS] fetching cn_jinse_policy (http://localhost:1200/jinse/lives/2)
[RSS] parsed 0 new rows (post-dedupe) for cn_jinse_policy
[RSS] fetching cn_odaily_newsflash (https://rss.odaily.news/rss/newsflash)
[RSS] parsed 0 new rows (post-dedupe) for cn_odaily_newsflash
[RSS] fetching cn_odaily_articles (https://rss.odaily.news/rss/post)
[RSS] parsed 0 new rows (post-dedupe) for cn_odaily_articles
[RSS] fetching cn_blockbeats_newsflash (https://api.theblockbeats.news/v2/rss/newsflash)
[RSS] parsed 0 new rows (post-dedupe) for cn_blockbeats_newsflash
[RSS] fetching cn_blockbeats_article (https://api.theblockbeats.news/v2/rss/article)
[RSS] parsed 0 new rows (post-dedupe) for cn_blockbeats_article
Twitter rate limited, skipping this run { limit: 1, remaining: 0, reset: 1763934126 }
Snapshot BTC: score=-0.372 mentions=4 change2h=-0.450
Snapshot ETH: score=0.183 mentions=5 change2h=0.183
Snapshot SOL: score=-0.480 mentions=2 change2h=-1.080
Snapshot ARB: score=0.000 mentions=0 change2h=-1.000
Snapshot VVV: score=0.000 mentions=0 change2h=0.000
Snapshot FARTCOIN: score=0.000 mentions=0 change2h=-0.400
Snapshot ZEN: score=0.000 mentions=0 change2h=0.000
Snapshot PUMP: score=0.000 mentions=0 change2h=0.000
Snapshot AAVE: score=0.944 mentions=1 change2h=0.944
Snapshot XPL: score=0.000 mentions=0 change2h=0.000
Snapshot AVAX: score=0.000 mentions=0 change2h=0.000
Snapshot PENDLE: score=0.000 mentions=0 change2h=0.000
Snapshot ADA: score=0.000 mentions=0 change2h=0.000
Snapshot FET: score=0.000 mentions=0 change2h=0.000
Snapshot COMP: score=0.000 mentions=0 change2h=0.000
Snapshot PROMPT: score=0.000 mentions=0 change2h=0.000
Snapshot TRUMP: score=0.000 mentions=0 change2h=0.000
Snapshot VIRTUAL: score=0.000 mentions=0 change2h=0.000
Snapshot SUI: score=0.000 mentions=0 change2h=0.000
Snapshot MEME: score=0.000 mentions=0 change2h=0.000
Snapshot JUP: score=0.000 mentions=0 change2h=0.000
Snapshot MORPHO: score=0.000 mentions=0 change2h=0.000
Snapshot PENGU: score=0.000 mentions=0 change2h=0.000
Snapshot ATOM: score=0.000 mentions=0 change2h=0.000
Snapshot NEAR: score=0.000 mentions=0 change2h=0.267
Snapshot BSV: score=0.000 mentions=0 change2h=0.000
Snapshot LINEA: score=0.000 mentions=1 change2h=0.000
Snapshot MATIC: score=0.000 mentions=0 change2h=0.000
Snapshot DYDX: score=0.000 mentions=0 change2h=0.000
Snapshot BNB: score=0.968 mentions=1 change2h=0.568
Snapshot APE: score=0.000 mentions=0 change2h=0.000
Snapshot OP: score=0.000 mentions=0 change2h=-1.000
Snapshot LTC: score=0.000 mentions=0 change2h=0.000
Snapshot DOGE: score=0.000 mentions=0 change2h=0.000
Snapshot INJ: score=0.000 mentions=0 change2h=0.000
Snapshot KPEPE: score=0.000 mentions=0 change2h=0.000
Snapshot CRV: score=0.000 mentions=0 change2h=0.000
Snapshot LDO: score=0.000 mentions=0 change2h=0.000
Snapshot LINK: score=0.000 mentions=0 change2h=0.000
Snapshot STX: score=0.000 mentions=0 change2h=0.000
Snapshot RNDR: score=0.000 mentions=0 change2h=0.000
Snapshot CFX: score=0.000 mentions=0 change2h=0.000
Snapshot FTM: score=0.000 mentions=0 change2h=0.000
Snapshot GMX: score=0.000 mentions=0 change2h=0.000
Snapshot SNX: score=0.000 mentions=0 change2h=0.000
Snapshot XRP: score=0.000 mentions=1 change2h=0.400
Snapshot BCH: score=0.000 mentions=0 change2h=0.000
Snapshot APT: score=0.000 mentions=0 change2h=0.000
Snapshot MKR: score=0.000 mentions=0 change2h=0.000
Snapshot WLD: score=0.000 mentions=0 change2h=0.000
Snapshot FXS: score=0.000 mentions=0 change2h=0.000
Snapshot HPOS: score=0.000 mentions=0 change2h=0.000
Snapshot RLB: score=0.000 mentions=0 change2h=0.000
Snapshot UNIBOT: score=0.000 mentions=0 change2h=0.000
Snapshot YGG: score=0.000 mentions=0 change2h=0.000
Snapshot TRX: score=0.000 mentions=0 change2h=0.000
Snapshot KSHIB: score=0.000 mentions=0 change2h=0.000
Snapshot UNI: score=0.000 mentions=0 change2h=-0.400
Snapshot SEI: score=0.000 mentions=0 change2h=0.000
Snapshot RUNE: score=0.000 mentions=0 change2h=0.000
Snapshot OX: score=0.000 mentions=0 change2h=0.000
Snapshot FRIEND: score=0.000 mentions=0 change2h=0.000
Snapshot SHIA: score=0.000 mentions=0 change2h=0.000
Snapshot CYBER: score=0.000 mentions=0 change2h=0.000
Snapshot ZRO: score=0.000 mentions=0 change2h=0.000
Snapshot BLZ: score=0.000 mentions=0 change2h=0.000
Snapshot DOT: score=0.000 mentions=0 change2h=0.000
Snapshot BANANA: score=0.000 mentions=0 change2h=0.000
Snapshot TRB: score=0.000 mentions=0 change2h=0.000
Snapshot FTT: score=0.000 mentions=0 change2h=0.000
Snapshot LOOM: score=0.000 mentions=0 change2h=0.000
Snapshot OGN: score=0.000 mentions=0 change2h=0.000
Snapshot RDNT: score=0.000 mentions=0 change2h=0.000
Snapshot ARK: score=0.000 mentions=0 change2h=0.200
Snapshot BNT: score=0.000 mentions=0 change2h=0.000
Snapshot CANTO: score=0.000 mentions=0 change2h=0.000
Snapshot REQ: score=0.000 mentions=0 change2h=0.000
Snapshot BIGTIME: score=0.000 mentions=0 change2h=0.000
Snapshot KAS: score=0.000 mentions=0 change2h=0.000
Snapshot ORBS: score=0.000 mentions=0 change2h=0.000
Snapshot BLUR: score=0.000 mentions=0 change2h=0.000
Snapshot TIA: score=0.000 mentions=0 change2h=0.000
Snapshot TON: score=0.000 mentions=0 change2h=0.000
Snapshot MINA: score=0.000 mentions=0 change2h=0.000
Snapshot POLYX: score=0.000 mentions=0 change2h=0.000
Snapshot GAS: score=0.000 mentions=0 change2h=0.000
Snapshot STG: score=0.000 mentions=0 change2h=0.000
Snapshot STRAX: score=0.000 mentions=0 change2h=0.000
Snapshot ORDI: score=0.000 mentions=0 change2h=0.000
Snapshot BADGER: score=0.000 mentions=0 change2h=0.000
Snapshot NEO: score=0.000 mentions=0 change2h=0.000
Snapshot FIL: score=0.000 mentions=0 change2h=0.000
Snapshot PYTH: score=0.000 mentions=0 change2h=0.000
Snapshot SUSHI: score=0.000 mentions=0 change2h=0.000
Snapshot ILV: score=0.000 mentions=0 change2h=0.000
Snapshot IMX: score=0.000 mentions=0 change2h=0.000
Snapshot KBONK: score=0.000 mentions=0 change2h=0.000
Snapshot GMT: score=0.000 mentions=0 change2h=0.000
Snapshot SUPER: score=0.000 mentions=0 change2h=0.000
Snapshot USTC: score=0.000 mentions=0 change2h=0.000
Snapshot NFTI: score=0.000 mentions=0 change2h=0.000
Snapshot KLUNC: score=0.000 mentions=0 change2h=0.000
Snapshot RSR: score=0.000 mentions=0 change2h=0.000
Snapshot GALA: score=0.000 mentions=0 change2h=0.000
Snapshot JTO: score=0.000 mentions=0 change2h=0.000
Snapshot NTRN: score=0.000 mentions=0 change2h=0.000
Snapshot ACE: score=0.000 mentions=0 change2h=0.000
Snapshot MAV: score=0.000 mentions=0 change2h=-0.400
Snapshot WIF: score=0.000 mentions=0 change2h=0.000
Snapshot CAKE: score=0.000 mentions=0 change2h=0.000
Snapshot PEOPLE: score=0.000 mentions=0 change2h=0.000
Snapshot ENS: score=0.000 mentions=0 change2h=0.000
Snapshot ETC: score=0.000 mentions=0 change2h=0.000
Snapshot XAI: score=0.000 mentions=0 change2h=0.000
Snapshot MANTA: score=0.000 mentions=0 change2h=0.000
Snapshot UMA: score=0.000 mentions=0 change2h=0.000
Snapshot ONDO: score=0.000 mentions=0 change2h=0.000
Snapshot ALT: score=0.000 mentions=0 change2h=0.200
Snapshot ZETA: score=0.000 mentions=0 change2h=0.000
Snapshot DYM: score=0.000 mentions=0 change2h=-0.400
Snapshot MAVIA: score=0.000 mentions=0 change2h=0.000
Snapshot W: score=0.000 mentions=0 change2h=0.000
Snapshot PANDORA: score=0.000 mentions=0 change2h=0.000
Snapshot STRK: score=0.000 mentions=0 change2h=0.000
Snapshot PIXEL: score=0.000 mentions=0 change2h=0.000
Snapshot AI: score=0.000 mentions=1 change2h=0.000
Snapshot TAO: score=0.000 mentions=0 change2h=0.000
Snapshot AR: score=0.000 mentions=0 change2h=0.000
Snapshot MYRO: score=0.000 mentions=0 change2h=0.000
Snapshot KFLOKI: score=0.000 mentions=0 change2h=0.000
Snapshot BOME: score=0.000 mentions=0 change2h=0.000
Snapshot ETHFI: score=0.000 mentions=0 change2h=0.000
Snapshot ENA: score=0.000 mentions=0 change2h=0.000
Snapshot MNT: score=0.000 mentions=0 change2h=0.000
Snapshot TNSR: score=0.000 mentions=0 change2h=-0.400
Snapshot SAGA: score=0.000 mentions=0 change2h=0.000
Snapshot MERL: score=0.000 mentions=0 change2h=0.000
Snapshot HBAR: score=0.000 mentions=0 change2h=0.000
Snapshot POPCAT: score=0.000 mentions=0 change2h=0.000
Snapshot OMNI: score=0.000 mentions=0 change2h=0.000
Snapshot EIGEN: score=0.000 mentions=0 change2h=0.000
Snapshot REZ: score=0.000 mentions=0 change2h=0.000
Snapshot NOT: score=0.804 mentions=1 change2h=0.728
Snapshot TURBO: score=0.000 mentions=0 change2h=0.000
Snapshot BRETT: score=0.000 mentions=0 change2h=0.000
Snapshot IO: score=0.000 mentions=0 change2h=0.000
Snapshot ZK: score=0.000 mentions=0 change2h=0.000
Snapshot BLAST: score=0.000 mentions=0 change2h=0.000
Snapshot LISTA: score=0.000 mentions=0 change2h=0.000
Snapshot MEW: score=0.000 mentions=0 change2h=0.000
Snapshot RENDER: score=0.000 mentions=0 change2h=0.000
Snapshot KDOGS: score=0.000 mentions=0 change2h=0.000
Snapshot POL: score=0.000 mentions=0 change2h=0.000
Snapshot CATI: score=0.000 mentions=0 change2h=0.000
Snapshot CELO: score=0.000 mentions=0 change2h=0.000
Snapshot HMSTR: score=0.000 mentions=0 change2h=0.000
Snapshot SCR: score=0.000 mentions=0 change2h=0.000
Snapshot NEIROETH: score=0.000 mentions=0 change2h=0.000
Snapshot KNEIRO: score=0.000 mentions=0 change2h=0.000
Snapshot GOAT: score=0.000 mentions=0 change2h=0.000
Snapshot MOODENG: score=0.000 mentions=0 change2h=0.000
Snapshot GRASS: score=0.000 mentions=0 change2h=0.000
Snapshot PURR: score=0.000 mentions=0 change2h=0.000
Snapshot PNUT: score=0.000 mentions=0 change2h=0.000
Snapshot XLM: score=0.000 mentions=0 change2h=0.000
Snapshot CHILLGUY: score=0.000 mentions=0 change2h=0.000
Snapshot SAND: score=0.000 mentions=0 change2h=0.000
Snapshot IOTA: score=0.000 mentions=0 change2h=0.000
Snapshot ALGO: score=0.000 mentions=0 change2h=0.000
Snapshot HYPE: score=0.000 mentions=0 change2h=-0.133
Snapshot ME: score=0.000 mentions=0 change2h=0.000
Snapshot MOVE: score=0.000 mentions=0 change2h=0.000
Snapshot USUAL: score=0.000 mentions=0 change2h=0.000
Snapshot AI16Z: score=0.000 mentions=0 change2h=0.000
Snapshot AIXBT: score=0.000 mentions=0 change2h=0.000
Snapshot ZEREBRO: score=0.000 mentions=0 change2h=0.000
Snapshot BIO: score=0.000 mentions=0 change2h=0.000
Snapshot GRIFFAIN: score=0.000 mentions=0 change2h=0.000
Snapshot SPX: score=0.000 mentions=0 change2h=0.000
Snapshot S: score=-0.167 mentions=1 change2h=-0.167
Snapshot MELANIA: score=0.000 mentions=0 change2h=0.000
Snapshot ANIME: score=0.000 mentions=0 change2h=0.000
Snapshot VINE: score=0.000 mentions=0 change2h=0.000
Snapshot JELLY: score=0.000 mentions=0 change2h=0.000
Snapshot BERA: score=0.000 mentions=0 change2h=0.000
Snapshot TST: score=0.000 mentions=0 change2h=0.000
Snapshot LAYER: score=0.913 mentions=1 change2h=0.913
Snapshot IP: score=0.000 mentions=0 change2h=0.000
Snapshot OM: score=0.000 mentions=0 change2h=0.000
Snapshot KAITO: score=0.000 mentions=0 change2h=0.000
Snapshot NIL: score=0.000 mentions=0 change2h=0.000
Snapshot PAXG: score=0.000 mentions=0 change2h=0.000
Snapshot BABY: score=0.000 mentions=0 change2h=0.000
Snapshot WCT: score=0.000 mentions=0 change2h=0.000
Snapshot HYPER: score=0.000 mentions=0 change2h=0.000
Snapshot ZORA: score=0.000 mentions=0 change2h=0.000
Snapshot INIT: score=0.000 mentions=0 change2h=0.000
Snapshot DOOD: score=0.000 mentions=0 change2h=0.000
Snapshot LAUNCHCOIN: score=0.000 mentions=0 change2h=0.000
Snapshot NXPC: score=0.000 mentions=0 change2h=0.000
Snapshot SOPH: score=0.000 mentions=0 change2h=0.000
Snapshot RESOLV: score=0.000 mentions=0 change2h=0.000
Snapshot SYRUP: score=0.000 mentions=0 change2h=0.000
Snapshot PROVE: score=0.000 mentions=0 change2h=0.000
Snapshot YZY: score=0.000 mentions=0 change2h=0.000
Snapshot WLFI: score=0.000 mentions=0 change2h=0.000
Snapshot SKY: score=0.000 mentions=0 change2h=0.000
Snapshot ASTER: score=0.000 mentions=0 change2h=0.000
Snapshot AVNT: score=0.000 mentions=0 change2h=0.000
Snapshot STBL: score=0.000 mentions=0 change2h=0.000
Snapshot 0G: score=0.000 mentions=0 change2h=0.000
Snapshot HEMI: score=0.000 mentions=0 change2h=0.000
Snapshot APEX: score=0.000 mentions=0 change2h=0.000
Snapshot 2Z: score=0.000 mentions=0 change2h=0.000
Snapshot ZEC: score=0.000 mentions=1 change2h=0.400
Snapshot MON: score=0.000 mentions=0 change2h=0.000
Snapshot MET: score=0.000 mentions=0 change2h=0.000
Snapshot MEGA: score=0.000 mentions=0 change2h=-0.600
Snapshot CC: score=0.000 mentions=0 change2h=0.000
Snapshot ICP: score=0.000 mentions=0 change2h=0.000
Snapshot AERO: score=0.000 mentions=0 change2h=0.000
✅ Sentiment pipeline cycle completed.
💤 Sleeping for 900s...

[2025-11-23T21:51:15.469Z] 🧠 Running Sentiment Pipeline...
[RSS] fetching coindesk (https://www.coindesk.com/arc/outboundfeeds/rss/?outputType=xml)
[RSS] parsed 0 new rows (post-dedupe) for coindesk
[RSS] fetching cointelegraph (https://cointelegraph.com/rss)
[RSS] parsed 0 new rows (post-dedupe) for cointelegraph
[RSS] fetching decrypt (https://decrypt.co/feed)
[RSS] parsed 0 new rows (post-dedupe) for decrypt
[RSS] fetching cryptoslate (http://localhost:1200/cryptoslate)
[RSS error] cryptoslate failed: Error: Status code 503
[RSS] fetching cn_jinse_all (http://localhost:1200/jinse/lives)
[RSS] parsed 1 new rows (post-dedupe) for cn_jinse_all
[RSS] inserted 1 rows from cn_jinse_all
[RSS] fetching cn_jinse_policy (http://localhost:1200/jinse/lives/2)
[RSS] parsed 0 new rows (post-dedupe) for cn_jinse_policy
[RSS] fetching cn_odaily_newsflash (https://rss.odaily.news/rss/newsflash)
[RSS] parsed 0 new rows (post-dedupe) for cn_odaily_newsflash
[RSS] fetching cn_odaily_articles (https://rss.odaily.news/rss/post)
[RSS] parsed 0 new rows (post-dedupe) for cn_odaily_articles
[RSS] fetching cn_blockbeats_newsflash (https://api.theblockbeats.news/v2/rss/newsflash)
[RSS] parsed 0 new rows (post-dedupe) for cn_blockbeats_newsflash
[RSS] fetching cn_blockbeats_article (https://api.theblockbeats.news/v2/rss/article)
[RSS] parsed 0 new rows (post-dedupe) for cn_blockbeats_article
Twitter rate limited, skipping this run { limit: 1, remaining: 0, reset: 1763935091 }
Snapshot BTC: score=-0.258 mentions=5 change2h=-0.374
Snapshot ETH: score=0.228 mentions=4 change2h=0.228
Snapshot SOL: score=-0.480 mentions=2 change2h=-1.080
Snapshot ARB: score=0.000 mentions=0 change2h=-1.000
Snapshot VVV: score=0.000 mentions=0 change2h=0.000
Snapshot FARTCOIN: score=0.000 mentions=0 change2h=-0.400
Snapshot ZEN: score=0.000 mentions=0 change2h=0.000
Snapshot PUMP: score=0.000 mentions=0 change2h=0.000
Snapshot AAVE: score=0.944 mentions=1 change2h=0.544
Snapshot XPL: score=0.000 mentions=0 change2h=0.000
Snapshot AVAX: score=0.000 mentions=0 change2h=0.000
Snapshot PENDLE: score=0.000 mentions=0 change2h=0.000
Snapshot ADA: score=0.000 mentions=0 change2h=0.000
Snapshot FET: score=0.000 mentions=0 change2h=0.000
Snapshot COMP: score=0.000 mentions=0 change2h=0.000
Snapshot PROMPT: score=0.000 mentions=0 change2h=0.000
Snapshot TRUMP: score=0.000 mentions=0 change2h=0.000
Snapshot VIRTUAL: score=0.000 mentions=0 change2h=0.000
Snapshot SUI: score=0.000 mentions=0 change2h=0.000
Snapshot MEME: score=0.000 mentions=0 change2h=0.000
Snapshot JUP: score=0.000 mentions=0 change2h=0.000
Snapshot MORPHO: score=0.000 mentions=0 change2h=0.000
Snapshot PENGU: score=0.000 mentions=0 change2h=0.000
Snapshot ATOM: score=0.000 mentions=0 change2h=0.000
Snapshot NEAR: score=0.000 mentions=0 change2h=0.267
Snapshot BSV: score=0.000 mentions=0 change2h=0.000
Snapshot LINEA: score=0.000 mentions=1 change2h=0.000
Snapshot MATIC: score=0.000 mentions=0 change2h=0.000
Snapshot DYDX: score=0.000 mentions=0 change2h=0.000
Snapshot BNB: score=0.968 mentions=1 change2h=0.568
Snapshot APE: score=0.000 mentions=0 change2h=0.000
Snapshot OP: score=0.000 mentions=0 change2h=-1.000
Snapshot LTC: score=0.000 mentions=0 change2h=0.000
Snapshot DOGE: score=0.000 mentions=0 change2h=0.000
Snapshot INJ: score=0.000 mentions=0 change2h=0.000
Snapshot KPEPE: score=0.000 mentions=0 change2h=0.000
Snapshot CRV: score=0.000 mentions=0 change2h=0.000
Snapshot LDO: score=0.000 mentions=0 change2h=0.000
Snapshot LINK: score=0.000 mentions=0 change2h=0.000
Snapshot STX: score=0.000 mentions=0 change2h=0.000
Snapshot RNDR: score=0.000 mentions=0 change2h=0.000
Snapshot CFX: score=0.000 mentions=0 change2h=0.000
Snapshot FTM: score=0.000 mentions=0 change2h=0.000
Snapshot GMX: score=0.000 mentions=0 change2h=0.000
Snapshot SNX: score=0.000 mentions=0 change2h=0.000
Snapshot XRP: score=0.000 mentions=1 change2h=0.400
Snapshot BCH: score=0.000 mentions=0 change2h=0.000
Snapshot APT: score=0.000 mentions=0 change2h=0.000
Snapshot MKR: score=0.000 mentions=0 change2h=0.000
Snapshot WLD: score=0.000 mentions=0 change2h=0.000
Snapshot FXS: score=0.000 mentions=0 change2h=0.000
Snapshot HPOS: score=0.000 mentions=0 change2h=0.000
Snapshot RLB: score=0.000 mentions=0 change2h=0.000
Snapshot UNIBOT: score=0.000 mentions=0 change2h=0.000
Snapshot YGG: score=0.000 mentions=0 change2h=0.000
Snapshot TRX: score=0.000 mentions=0 change2h=0.000
Snapshot KSHIB: score=0.000 mentions=0 change2h=0.000
Snapshot UNI: score=0.000 mentions=0 change2h=-0.400
Snapshot SEI: score=0.000 mentions=0 change2h=0.000
Snapshot RUNE: score=0.000 mentions=0 change2h=0.000
Snapshot OX: score=0.000 mentions=0 change2h=0.000
Snapshot FRIEND: score=0.000 mentions=0 change2h=0.000
Snapshot SHIA: score=0.000 mentions=0 change2h=0.000
Snapshot CYBER: score=0.000 mentions=0 change2h=0.000
Snapshot ZRO: score=0.000 mentions=0 change2h=0.000
Snapshot BLZ: score=0.000 mentions=0 change2h=0.000
Snapshot DOT: score=0.000 mentions=0 change2h=0.000
Snapshot BANANA: score=0.000 mentions=0 change2h=0.000
Snapshot TRB: score=0.000 mentions=0 change2h=0.000
Snapshot FTT: score=0.000 mentions=0 change2h=0.000
Snapshot LOOM: score=0.000 mentions=0 change2h=0.000
Snapshot OGN: score=0.000 mentions=0 change2h=0.000
Snapshot RDNT: score=0.000 mentions=0 change2h=0.000
Snapshot ARK: score=0.000 mentions=0 change2h=0.200
Snapshot BNT: score=0.000 mentions=0 change2h=0.000
Snapshot CANTO: score=0.000 mentions=0 change2h=0.000
Snapshot REQ: score=0.000 mentions=0 change2h=0.000
Snapshot BIGTIME: score=0.000 mentions=0 change2h=0.000
Snapshot KAS: score=0.000 mentions=0 change2h=0.000
Snapshot ORBS: score=0.000 mentions=0 change2h=0.000
Snapshot BLUR: score=0.000 mentions=0 change2h=0.000
Snapshot TIA: score=0.000 mentions=0 change2h=0.000
Snapshot TON: score=0.000 mentions=0 change2h=0.000
Snapshot MINA: score=0.000 mentions=0 change2h=0.000
Snapshot POLYX: score=0.000 mentions=0 change2h=0.000
Snapshot GAS: score=0.000 mentions=0 change2h=0.000
Snapshot STG: score=0.000 mentions=0 change2h=0.000
Snapshot STRAX: score=0.000 mentions=0 change2h=0.000
Snapshot ORDI: score=0.000 mentions=0 change2h=0.000
Snapshot BADGER: score=0.000 mentions=0 change2h=0.000
Snapshot NEO: score=0.000 mentions=0 change2h=0.000
Snapshot FIL: score=0.000 mentions=0 change2h=0.000
Snapshot PYTH: score=0.000 mentions=0 change2h=0.000
Snapshot SUSHI: score=0.000 mentions=0 change2h=0.000
Snapshot ILV: score=0.000 mentions=0 change2h=0.000
Snapshot IMX: score=0.000 mentions=0 change2h=0.000
Snapshot KBONK: score=0.000 mentions=0 change2h=0.000
Snapshot GMT: score=0.000 mentions=0 change2h=0.000
Snapshot SUPER: score=0.000 mentions=0 change2h=0.000
Snapshot USTC: score=0.000 mentions=0 change2h=0.000
Snapshot NFTI: score=0.000 mentions=0 change2h=0.000
Snapshot KLUNC: score=0.000 mentions=0 change2h=0.000
Snapshot RSR: score=0.000 mentions=0 change2h=0.000
Snapshot GALA: score=0.000 mentions=0 change2h=0.000
Snapshot JTO: score=0.000 mentions=0 change2h=0.000
Snapshot NTRN: score=0.000 mentions=0 change2h=0.000
Snapshot ACE: score=0.000 mentions=0 change2h=0.000
Snapshot MAV: score=0.000 mentions=0 change2h=-0.400
Snapshot WIF: score=0.000 mentions=0 change2h=0.000
Snapshot CAKE: score=0.000 mentions=0 change2h=0.000
Snapshot PEOPLE: score=0.000 mentions=0 change2h=0.000
Snapshot ENS: score=0.000 mentions=0 change2h=0.000
Snapshot ETC: score=0.000 mentions=0 change2h=0.000
Snapshot XAI: score=0.000 mentions=0 change2h=0.000
Snapshot MANTA: score=0.000 mentions=0 change2h=0.000
Snapshot UMA: score=0.000 mentions=0 change2h=0.000
Snapshot ONDO: score=0.000 mentions=0 change2h=0.000
Snapshot ALT: score=0.000 mentions=0 change2h=0.200
Snapshot ZETA: score=0.000 mentions=0 change2h=0.000
Snapshot DYM: score=0.000 mentions=0 change2h=-0.400
Snapshot MAVIA: score=0.000 mentions=0 change2h=0.000
Snapshot W: score=0.000 mentions=0 change2h=0.000
Snapshot PANDORA: score=0.000 mentions=0 change2h=0.000
Snapshot STRK: score=0.000 mentions=0 change2h=0.000
Snapshot PIXEL: score=0.000 mentions=0 change2h=0.000
Snapshot AI: score=0.000 mentions=1 change2h=0.000
Snapshot TAO: score=0.000 mentions=0 change2h=0.000
Snapshot AR: score=0.000 mentions=0 change2h=0.000
Snapshot MYRO: score=0.000 mentions=0 change2h=0.000
Snapshot KFLOKI: score=0.000 mentions=0 change2h=0.000
Snapshot BOME: score=0.000 mentions=0 change2h=0.000
Snapshot ETHFI: score=0.000 mentions=0 change2h=0.000
Snapshot ENA: score=0.000 mentions=0 change2h=0.000
Snapshot MNT: score=0.000 mentions=0 change2h=0.000
Snapshot TNSR: score=0.000 mentions=0 change2h=-0.400
Snapshot SAGA: score=0.000 mentions=0 change2h=0.000
Snapshot MERL: score=0.000 mentions=0 change2h=0.000
Snapshot HBAR: score=0.000 mentions=0 change2h=0.000
Snapshot POPCAT: score=0.000 mentions=0 change2h=0.000
Snapshot OMNI: score=0.000 mentions=0 change2h=0.000
Snapshot EIGEN: score=0.000 mentions=0 change2h=0.000
Snapshot REZ: score=0.000 mentions=0 change2h=0.000
Snapshot NOT: score=0.804 mentions=1 change2h=0.728
Snapshot TURBO: score=0.000 mentions=0 change2h=0.000
Snapshot BRETT: score=0.000 mentions=0 change2h=0.000
Snapshot IO: score=0.000 mentions=0 change2h=0.000
Snapshot ZK: score=0.000 mentions=0 change2h=0.000
Snapshot BLAST: score=0.000 mentions=0 change2h=0.000
Snapshot LISTA: score=0.000 mentions=0 change2h=0.000
Snapshot MEW: score=0.000 mentions=0 change2h=0.000
Snapshot RENDER: score=0.000 mentions=0 change2h=0.000
Snapshot KDOGS: score=0.000 mentions=0 change2h=0.000
Snapshot POL: score=0.000 mentions=0 change2h=0.000
Snapshot CATI: score=0.000 mentions=0 change2h=0.000
Snapshot CELO: score=0.000 mentions=0 change2h=0.000
Snapshot HMSTR: score=0.000 mentions=0 change2h=0.000
Snapshot SCR: score=0.000 mentions=0 change2h=0.000
Snapshot NEIROETH: score=0.000 mentions=0 change2h=0.000
Snapshot KNEIRO: score=0.000 mentions=0 change2h=0.000
Snapshot GOAT: score=0.000 mentions=0 change2h=0.000
Snapshot MOODENG: score=0.000 mentions=0 change2h=0.000
Snapshot GRASS: score=0.000 mentions=0 change2h=0.000
Snapshot PURR: score=0.000 mentions=0 change2h=0.000
Snapshot PNUT: score=0.000 mentions=0 change2h=0.000
Snapshot XLM: score=0.000 mentions=0 change2h=0.000
Snapshot CHILLGUY: score=0.000 mentions=0 change2h=0.000
Snapshot SAND: score=0.000 mentions=0 change2h=0.000
Snapshot IOTA: score=0.000 mentions=0 change2h=0.000
Snapshot ALGO: score=0.000 mentions=0 change2h=0.000
Snapshot HYPE: score=0.000 mentions=0 change2h=-0.133
Snapshot ME: score=0.000 mentions=0 change2h=0.000
Snapshot MOVE: score=0.000 mentions=0 change2h=0.000
Snapshot USUAL: score=0.000 mentions=0 change2h=0.000
Snapshot AI16Z: score=0.000 mentions=0 change2h=0.000
Snapshot AIXBT: score=0.000 mentions=0 change2h=0.000
Snapshot ZEREBRO: score=0.000 mentions=0 change2h=0.000
Snapshot BIO: score=0.000 mentions=0 change2h=0.000
Snapshot GRIFFAIN: score=0.000 mentions=0 change2h=0.000
Snapshot SPX: score=0.000 mentions=0 change2h=0.000
Snapshot S: score=-0.167 mentions=1 change2h=-0.167
Snapshot MELANIA: score=0.000 mentions=0 change2h=0.000
Snapshot ANIME: score=0.000 mentions=0 change2h=0.000
Snapshot VINE: score=0.000 mentions=0 change2h=0.000
Snapshot JELLY: score=0.000 mentions=0 change2h=0.000
Snapshot BERA: score=0.000 mentions=0 change2h=0.000
Snapshot TST: score=0.000 mentions=0 change2h=0.000
Snapshot LAYER: score=0.913 mentions=1 change2h=0.913
Snapshot IP: score=0.000 mentions=0 change2h=0.000
Snapshot OM: score=0.000 mentions=0 change2h=0.000
Snapshot KAITO: score=0.000 mentions=0 change2h=0.000
Snapshot NIL: score=0.000 mentions=0 change2h=0.000
Snapshot PAXG: score=0.000 mentions=0 change2h=0.000
Snapshot BABY: score=0.000 mentions=0 change2h=0.000
Snapshot WCT: score=0.000 mentions=0 change2h=0.000
Snapshot HYPER: score=0.000 mentions=0 change2h=0.000
Snapshot ZORA: score=0.000 mentions=0 change2h=0.000
Snapshot INIT: score=0.000 mentions=0 change2h=0.000
Snapshot DOOD: score=0.000 mentions=0 change2h=0.000
Snapshot LAUNCHCOIN: score=0.000 mentions=0 change2h=0.000
Snapshot NXPC: score=0.000 mentions=0 change2h=0.000
Snapshot SOPH: score=0.000 mentions=0 change2h=0.000
Snapshot RESOLV: score=0.000 mentions=0 change2h=0.000
Snapshot SYRUP: score=0.000 mentions=0 change2h=0.000
Snapshot PROVE: score=0.000 mentions=0 change2h=0.000
Snapshot YZY: score=0.000 mentions=0 change2h=0.000
Snapshot WLFI: score=0.000 mentions=0 change2h=0.000
Snapshot SKY: score=0.000 mentions=0 change2h=0.000
Snapshot ASTER: score=0.000 mentions=0 change2h=0.000
Snapshot AVNT: score=0.000 mentions=0 change2h=0.000
Snapshot STBL: score=0.000 mentions=0 change2h=0.000
Snapshot 0G: score=0.000 mentions=0 change2h=0.000
Snapshot HEMI: score=0.000 mentions=0 change2h=0.000
Snapshot APEX: score=0.000 mentions=0 change2h=0.000
Snapshot 2Z: score=0.000 mentions=0 change2h=0.000
Snapshot ZEC: score=0.000 mentions=1 change2h=0.400
Snapshot MON: score=0.000 mentions=0 change2h=0.000
Snapshot MET: score=0.000 mentions=0 change2h=0.000
Snapshot MEGA: score=0.000 mentions=0 change2h=-0.600
Snapshot CC: score=0.000 mentions=0 change2h=0.000
Snapshot ICP: score=0.000 mentions=0 change2h=0.000
Snapshot AERO: score=0.000 mentions=0 change2h=0.000
✅ Sentiment pipeline cycle completed.
💤 Sleeping for 900s...

[2025-11-23T22:06:29.766Z] 🧠 Running Sentiment Pipeline...
[RSS] fetching coindesk (https://www.coindesk.com/arc/outboundfeeds/rss/?outputType=xml)
[RSS] parsed 0 new rows (post-dedupe) for coindesk
[RSS] fetching cointelegraph (https://cointelegraph.com/rss)
[RSS] parsed 0 new rows (post-dedupe) for cointelegraph
[RSS] fetching decrypt (https://decrypt.co/feed)
[RSS] parsed 0 new rows (post-dedupe) for decrypt
[RSS] fetching cryptoslate (http://localhost:1200/cryptoslate)
[RSS error] cryptoslate failed: Error: Status code 503
[RSS] fetching cn_jinse_all (http://localhost:1200/jinse/lives)
[RSS] parsed 1 new rows (post-dedupe) for cn_jinse_all
[RSS] inserted 1 rows from cn_jinse_all
[RSS] fetching cn_jinse_policy (http://localhost:1200/jinse/lives/2)
[RSS] parsed 0 new rows (post-dedupe) for cn_jinse_policy
[RSS] fetching cn_odaily_newsflash (https://rss.odaily.news/rss/newsflash)
[RSS] parsed 1 new rows (post-dedupe) for cn_odaily_newsflash
[RSS] inserted 1 rows from cn_odaily_newsflash
[RSS] fetching cn_odaily_articles (https://rss.odaily.news/rss/post)
[RSS] parsed 0 new rows (post-dedupe) for cn_odaily_articles
[RSS] fetching cn_blockbeats_newsflash (https://api.theblockbeats.news/v2/rss/newsflash)
[RSS] parsed 0 new rows (post-dedupe) for cn_blockbeats_newsflash
[RSS] fetching cn_blockbeats_article (https://api.theblockbeats.news/v2/rss/article)
[RSS] parsed 0 new rows (post-dedupe) for cn_blockbeats_article
Twitter rate limited, skipping this run { limit: 1, remaining: 0, reset: 1763936026 }
Scored 2 messages
Snapshot BTC: score=-0.005 mentions=7 change2h=-0.122
Snapshot ETH: score=0.228 mentions=4 change2h=0.228
Snapshot SOL: score=-0.480 mentions=2 change2h=-1.080
Snapshot ARB: score=0.000 mentions=0 change2h=-1.000
Snapshot VVV: score=0.000 mentions=0 change2h=0.000
Snapshot FARTCOIN: score=0.000 mentions=0 change2h=-0.400
Snapshot ZEN: score=0.000 mentions=0 change2h=0.000
Snapshot PUMP: score=0.000 mentions=0 change2h=0.000
Snapshot AAVE: score=0.944 mentions=1 change2h=0.544
Snapshot XPL: score=0.000 mentions=0 change2h=0.000
Snapshot AVAX: score=0.000 mentions=0 change2h=0.000
Snapshot PENDLE: score=0.000 mentions=0 change2h=0.000
Snapshot ADA: score=0.000 mentions=0 change2h=0.000
Snapshot FET: score=0.000 mentions=0 change2h=0.000
Snapshot COMP: score=0.000 mentions=0 change2h=0.000
Snapshot PROMPT: score=0.000 mentions=0 change2h=0.000
Snapshot TRUMP: score=0.000 mentions=0 change2h=0.000
Snapshot VIRTUAL: score=0.000 mentions=0 change2h=0.000
Snapshot SUI: score=0.000 mentions=0 change2h=0.000
Snapshot MEME: score=0.000 mentions=0 change2h=0.000
Snapshot JUP: score=0.000 mentions=0 change2h=0.000
Snapshot MORPHO: score=0.000 mentions=0 change2h=0.000
Snapshot PENGU: score=0.000 mentions=0 change2h=0.000
Snapshot ATOM: score=0.000 mentions=0 change2h=0.000
Snapshot NEAR: score=0.000 mentions=0 change2h=0.267
Snapshot BSV: score=0.000 mentions=0 change2h=0.000
Snapshot LINEA: score=0.000 mentions=1 change2h=0.000
Snapshot MATIC: score=0.000 mentions=0 change2h=0.000
Snapshot DYDX: score=0.000 mentions=0 change2h=0.000
Snapshot BNB: score=0.000 mentions=0 change2h=-0.400
Snapshot APE: score=0.000 mentions=0 change2h=0.000
Snapshot OP: score=0.000 mentions=0 change2h=-1.000
Snapshot LTC: score=0.000 mentions=0 change2h=0.000
Snapshot DOGE: score=0.000 mentions=0 change2h=0.000
Snapshot INJ: score=0.000 mentions=0 change2h=0.000
Snapshot KPEPE: score=0.000 mentions=0 change2h=0.000
Snapshot CRV: score=0.000 mentions=0 change2h=0.000
Snapshot LDO: score=0.000 mentions=0 change2h=0.000
Snapshot LINK: score=0.000 mentions=0 change2h=0.000
Snapshot STX: score=0.000 mentions=0 change2h=0.000
Snapshot RNDR: score=0.000 mentions=0 change2h=0.000
Snapshot CFX: score=0.000 mentions=0 change2h=0.000
Snapshot FTM: score=0.000 mentions=0 change2h=0.000
Snapshot GMX: score=0.000 mentions=0 change2h=0.000
Snapshot SNX: score=0.000 mentions=0 change2h=0.000
Snapshot XRP: score=0.000 mentions=1 change2h=0.400
Snapshot BCH: score=0.000 mentions=0 change2h=0.000
Snapshot APT: score=0.000 mentions=0 change2h=0.000
Snapshot MKR: score=0.000 mentions=0 change2h=0.000
Snapshot WLD: score=0.000 mentions=0 change2h=0.000
Snapshot FXS: score=0.000 mentions=0 change2h=0.000
Snapshot HPOS: score=0.000 mentions=0 change2h=0.000
Snapshot RLB: score=0.000 mentions=0 change2h=0.000
Snapshot UNIBOT: score=0.000 mentions=0 change2h=0.000
Snapshot YGG: score=0.000 mentions=0 change2h=0.000
Snapshot TRX: score=0.000 mentions=0 change2h=0.000
Snapshot KSHIB: score=0.000 mentions=0 change2h=0.000
Snapshot UNI: score=0.000 mentions=0 change2h=-0.400
Snapshot SEI: score=0.000 mentions=0 change2h=0.000
Snapshot RUNE: score=0.000 mentions=0 change2h=0.000
Snapshot OX: score=0.000 mentions=0 change2h=0.000
Snapshot FRIEND: score=0.000 mentions=0 change2h=0.000
Snapshot SHIA: score=0.000 mentions=0 change2h=0.000
Snapshot CYBER: score=0.000 mentions=0 change2h=0.000
Snapshot ZRO: score=0.000 mentions=0 change2h=0.000
Snapshot BLZ: score=0.000 mentions=0 change2h=0.000
Snapshot DOT: score=0.000 mentions=0 change2h=0.000
Snapshot BANANA: score=0.000 mentions=0 change2h=0.000
Snapshot TRB: score=0.000 mentions=0 change2h=0.000
Snapshot FTT: score=0.000 mentions=0 change2h=0.000
Snapshot LOOM: score=0.000 mentions=0 change2h=0.000
Snapshot OGN: score=0.000 mentions=0 change2h=0.000
Snapshot RDNT: score=0.000 mentions=0 change2h=0.000
Snapshot ARK: score=0.000 mentions=0 change2h=0.200
Snapshot BNT: score=0.000 mentions=0 change2h=0.000
Snapshot CANTO: score=0.000 mentions=0 change2h=0.000
Snapshot REQ: score=0.000 mentions=0 change2h=0.000
Snapshot BIGTIME: score=0.000 mentions=0 change2h=0.000
Snapshot KAS: score=0.000 mentions=0 change2h=0.000
Snapshot ORBS: score=0.000 mentions=0 change2h=0.000
Snapshot BLUR: score=0.000 mentions=0 change2h=0.000
Snapshot TIA: score=0.000 mentions=0 change2h=0.000
Snapshot TON: score=0.000 mentions=0 change2h=0.000
Snapshot MINA: score=0.000 mentions=0 change2h=0.000
Snapshot POLYX: score=0.000 mentions=0 change2h=0.000
Snapshot GAS: score=0.000 mentions=0 change2h=0.000
Snapshot STG: score=0.000 mentions=0 change2h=0.000
Snapshot STRAX: score=0.000 mentions=0 change2h=0.000
Snapshot ORDI: score=0.000 mentions=0 change2h=0.000
Snapshot BADGER: score=0.000 mentions=0 change2h=0.000
Snapshot NEO: score=0.000 mentions=0 change2h=0.000
Snapshot FIL: score=0.000 mentions=0 change2h=0.000
Snapshot PYTH: score=0.000 mentions=0 change2h=0.000
Snapshot SUSHI: score=0.000 mentions=0 change2h=0.000
Snapshot ILV: score=0.000 mentions=0 change2h=0.000
Snapshot IMX: score=0.000 mentions=0 change2h=0.000
Snapshot KBONK: score=0.000 mentions=0 change2h=0.000
Snapshot GMT: score=0.000 mentions=0 change2h=0.000
Snapshot SUPER: score=0.000 mentions=0 change2h=0.000
Snapshot USTC: score=0.000 mentions=0 change2h=0.000
Snapshot NFTI: score=0.000 mentions=0 change2h=0.000
Snapshot KLUNC: score=0.000 mentions=0 change2h=0.000
Snapshot RSR: score=0.000 mentions=0 change2h=0.000
Snapshot GALA: score=0.000 mentions=0 change2h=0.000
Snapshot JTO: score=0.000 mentions=0 change2h=0.000
Snapshot NTRN: score=0.000 mentions=0 change2h=0.000
Snapshot ACE: score=0.000 mentions=0 change2h=0.000
Snapshot MAV: score=0.000 mentions=0 change2h=-0.400
Snapshot WIF: score=0.000 mentions=0 change2h=0.000
Snapshot CAKE: score=0.000 mentions=0 change2h=0.000
Snapshot PEOPLE: score=0.000 mentions=0 change2h=0.000
Snapshot ENS: score=0.000 mentions=0 change2h=0.000
Snapshot ETC: score=0.000 mentions=0 change2h=0.000
Snapshot XAI: score=0.000 mentions=0 change2h=0.000
Snapshot MANTA: score=0.000 mentions=0 change2h=0.000
Snapshot UMA: score=0.000 mentions=0 change2h=0.000
Snapshot ONDO: score=0.000 mentions=0 change2h=0.000
Snapshot ALT: score=0.000 mentions=0 change2h=0.200
Snapshot ZETA: score=0.000 mentions=0 change2h=0.000
Snapshot DYM: score=0.000 mentions=0 change2h=-0.400
Snapshot MAVIA: score=0.000 mentions=0 change2h=0.000
Snapshot W: score=0.000 mentions=0 change2h=0.000
Snapshot PANDORA: score=0.000 mentions=0 change2h=0.000
Snapshot STRK: score=0.000 mentions=0 change2h=0.000
Snapshot PIXEL: score=0.000 mentions=0 change2h=0.000
Snapshot AI: score=-0.836 mentions=1 change2h=-0.836
Snapshot TAO: score=0.000 mentions=0 change2h=0.000
Snapshot AR: score=0.000 mentions=0 change2h=0.000
Snapshot MYRO: score=0.000 mentions=0 change2h=0.000
Snapshot KFLOKI: score=0.000 mentions=0 change2h=0.000
Snapshot BOME: score=0.000 mentions=0 change2h=0.000
Snapshot ETHFI: score=0.000 mentions=0 change2h=0.000
Snapshot ENA: score=0.000 mentions=0 change2h=0.000
Snapshot MNT: score=0.000 mentions=0 change2h=0.000
Snapshot TNSR: score=0.000 mentions=0 change2h=-0.400
Snapshot SAGA: score=0.000 mentions=0 change2h=0.000
Snapshot MERL: score=0.000 mentions=0 change2h=0.000
Snapshot HBAR: score=0.000 mentions=0 change2h=0.000
Snapshot POPCAT: score=0.000 mentions=0 change2h=0.000
Snapshot OMNI: score=0.000 mentions=0 change2h=0.000
Snapshot EIGEN: score=0.000 mentions=0 change2h=0.000
Snapshot REZ: score=0.000 mentions=0 change2h=0.000
Snapshot NOT: score=0.804 mentions=1 change2h=0.728
Snapshot TURBO: score=0.000 mentions=0 change2h=0.000
Snapshot BRETT: score=0.000 mentions=0 change2h=0.000
Snapshot IO: score=0.000 mentions=0 change2h=0.000
Snapshot ZK: score=0.000 mentions=0 change2h=0.000
Snapshot BLAST: score=0.000 mentions=0 change2h=0.000
Snapshot LISTA: score=0.000 mentions=0 change2h=0.000
Snapshot MEW: score=0.000 mentions=0 change2h=0.000
Snapshot RENDER: score=0.000 mentions=0 change2h=0.000
Snapshot KDOGS: score=0.000 mentions=0 change2h=0.000
Snapshot POL: score=0.000 mentions=0 change2h=0.000
Snapshot CATI: score=0.000 mentions=0 change2h=0.000
Snapshot CELO: score=0.000 mentions=0 change2h=0.000
Snapshot HMSTR: score=0.000 mentions=0 change2h=0.000
Snapshot SCR: score=0.000 mentions=0 change2h=0.000
Snapshot NEIROETH: score=0.000 mentions=0 change2h=0.000
Snapshot KNEIRO: score=0.000 mentions=0 change2h=0.000
Snapshot GOAT: score=0.000 mentions=0 change2h=0.000
Snapshot MOODENG: score=0.000 mentions=0 change2h=0.000
Snapshot GRASS: score=0.000 mentions=0 change2h=0.000
Snapshot PURR: score=0.000 mentions=0 change2h=0.000
Snapshot PNUT: score=0.000 mentions=0 change2h=0.000
Snapshot XLM: score=0.000 mentions=0 change2h=0.000
Snapshot CHILLGUY: score=0.000 mentions=0 change2h=0.000
Snapshot SAND: score=0.000 mentions=0 change2h=0.000
Snapshot IOTA: score=0.000 mentions=0 change2h=0.000
Snapshot ALGO: score=0.000 mentions=0 change2h=0.000
Snapshot HYPE: score=0.000 mentions=0 change2h=-0.133
Snapshot ME: score=0.000 mentions=0 change2h=0.000
Snapshot MOVE: score=0.000 mentions=0 change2h=0.000
Snapshot USUAL: score=0.000 mentions=0 change2h=0.000
Snapshot AI16Z: score=0.000 mentions=0 change2h=0.000
Snapshot AIXBT: score=0.000 mentions=0 change2h=0.000
Snapshot ZEREBRO: score=0.000 mentions=0 change2h=0.000
Snapshot BIO: score=0.000 mentions=0 change2h=0.000
Snapshot GRIFFAIN: score=0.000 mentions=0 change2h=0.000
Snapshot SPX: score=0.000 mentions=0 change2h=0.000
Snapshot S: score=-0.083 mentions=2 change2h=-0.083
Snapshot MELANIA: score=0.000 mentions=0 change2h=0.000
Snapshot ANIME: score=0.000 mentions=0 change2h=0.000
Snapshot VINE: score=0.000 mentions=0 change2h=0.000
Snapshot JELLY: score=0.000 mentions=0 change2h=0.000
Snapshot BERA: score=0.000 mentions=0 change2h=0.000
Snapshot TST: score=0.000 mentions=0 change2h=0.000
Snapshot LAYER: score=0.913 mentions=1 change2h=0.913
Snapshot IP: score=0.000 mentions=0 change2h=0.000
Snapshot OM: score=0.000 mentions=0 change2h=0.000
Snapshot KAITO: score=0.000 mentions=0 change2h=0.000
Snapshot NIL: score=0.000 mentions=0 change2h=0.000
Snapshot PAXG: score=0.000 mentions=0 change2h=0.000
Snapshot BABY: score=0.000 mentions=0 change2h=0.000
Snapshot WCT: score=0.000 mentions=0 change2h=0.000
Snapshot HYPER: score=0.000 mentions=0 change2h=0.000
Snapshot ZORA: score=0.000 mentions=0 change2h=0.000
Snapshot INIT: score=0.000 mentions=0 change2h=0.000
Snapshot DOOD: score=0.000 mentions=0 change2h=0.000
Snapshot LAUNCHCOIN: score=0.000 mentions=0 change2h=0.000
Snapshot NXPC: score=0.000 mentions=0 change2h=0.000
Snapshot SOPH: score=0.000 mentions=0 change2h=0.000
Snapshot RESOLV: score=0.000 mentions=0 change2h=0.000
Snapshot SYRUP: score=0.000 mentions=0 change2h=0.000
Snapshot PROVE: score=0.000 mentions=0 change2h=0.000
Snapshot YZY: score=0.000 mentions=0 change2h=0.000
Snapshot WLFI: score=0.000 mentions=0 change2h=0.000
Snapshot SKY: score=0.000 mentions=0 change2h=0.000
Snapshot ASTER: score=0.000 mentions=0 change2h=0.000
Snapshot AVNT: score=0.000 mentions=0 change2h=0.000
Snapshot STBL: score=0.000 mentions=0 change2h=0.000
Snapshot 0G: score=0.000 mentions=0 change2h=0.000
Snapshot HEMI: score=0.000 mentions=0 change2h=0.000
Snapshot APEX: score=0.000 mentions=0 change2h=0.000
Snapshot 2Z: score=0.000 mentions=0 change2h=0.000
Snapshot ZEC: score=0.000 mentions=1 change2h=0.400
Snapshot MON: score=0.000 mentions=0 change2h=0.000
Snapshot MET: score=0.000 mentions=0 change2h=0.000
Snapshot MEGA: score=0.000 mentions=0 change2h=-0.600
Snapshot CC: score=0.000 mentions=0 change2h=0.000
Snapshot ICP: score=0.000 mentions=0 change2h=0.000
Snapshot AERO: score=0.000 mentions=0 change2h=0.000
✅ Sentiment pipeline cycle completed.
💤 Sleeping for 900s...

[2025-11-23T22:21:49.940Z] 🧠 Running Sentiment Pipeline...
[RSS] fetching coindesk (https://www.coindesk.com/arc/outboundfeeds/rss/?outputType=xml)
[RSS] parsed 0 new rows (post-dedupe) for coindesk
[RSS] fetching cointelegraph (https://cointelegraph.com/rss)
[RSS] parsed 0 new rows (post-dedupe) for cointelegraph
[RSS] fetching decrypt (https://decrypt.co/feed)
[RSS] parsed 0 new rows (post-dedupe) for decrypt
[RSS] fetching cryptoslate (http://localhost:1200/cryptoslate)
[RSS error] cryptoslate failed: Error: Status code 503
[RSS] fetching cn_jinse_all (http://localhost:1200/jinse/lives)
[RSS] parsed 0 new rows (post-dedupe) for cn_jinse_all
[RSS] fetching cn_jinse_policy (http://localhost:1200/jinse/lives/2)
[RSS] parsed 0 new rows (post-dedupe) for cn_jinse_policy
[RSS] fetching cn_odaily_newsflash (https://rss.odaily.news/rss/newsflash)
[RSS] parsed 0 new rows (post-dedupe) for cn_odaily_newsflash
[RSS] fetching cn_odaily_articles (https://rss.odaily.news/rss/post)
[RSS] parsed 0 new rows (post-dedupe) for cn_odaily_articles
[RSS] fetching cn_blockbeats_newsflash (https://api.theblockbeats.news/v2/rss/newsflash)
[RSS] parsed 0 new rows (post-dedupe) for cn_blockbeats_newsflash
[RSS] fetching cn_blockbeats_article (https://api.theblockbeats.news/v2/rss/article)
[RSS] parsed 0 new rows (post-dedupe) for cn_blockbeats_article
Twitter rate limited, skipping this run { limit: 1, remaining: 0, reset: 1763936937 }
Snapshot BTC: score=-0.005 mentions=7 change2h=-0.122
Snapshot ETH: score=0.304 mentions=3 change2h=0.304
Snapshot SOL: score=-0.959 mentions=1 change2h=-1.559
Snapshot ARB: score=0.000 mentions=0 change2h=-1.000
Snapshot VVV: score=0.000 mentions=0 change2h=0.000
Snapshot FARTCOIN: score=0.000 mentions=0 change2h=-0.400
Snapshot ZEN: score=0.000 mentions=0 change2h=0.000
Snapshot PUMP: score=0.000 mentions=0 change2h=0.000
Snapshot AAVE: score=0.944 mentions=1 change2h=0.544
Snapshot XPL: score=0.000 mentions=0 change2h=0.000
Snapshot AVAX: score=0.000 mentions=0 change2h=0.000
Snapshot PENDLE: score=0.000 mentions=0 change2h=0.000
Snapshot ADA: score=0.000 mentions=0 change2h=0.000
Snapshot FET: score=0.000 mentions=0 change2h=0.000
Snapshot COMP: score=0.000 mentions=0 change2h=0.000
Snapshot PROMPT: score=0.000 mentions=0 change2h=0.000
Snapshot TRUMP: score=0.000 mentions=0 change2h=0.000
Snapshot VIRTUAL: score=0.000 mentions=0 change2h=0.000
Snapshot SUI: score=0.000 mentions=0 change2h=0.000
Snapshot MEME: score=0.000 mentions=0 change2h=0.000
Snapshot JUP: score=0.000 mentions=0 change2h=0.000
Snapshot MORPHO: score=0.000 mentions=0 change2h=0.000
Snapshot PENGU: score=0.000 mentions=0 change2h=0.000
Snapshot ATOM: score=0.000 mentions=0 change2h=0.000
Snapshot NEAR: score=0.000 mentions=0 change2h=0.267
Snapshot BSV: score=0.000 mentions=0 change2h=0.000
Snapshot LINEA: score=0.000 mentions=1 change2h=0.000
Snapshot MATIC: score=0.000 mentions=0 change2h=0.000
Snapshot DYDX: score=0.000 mentions=0 change2h=0.000
Snapshot BNB: score=0.000 mentions=0 change2h=-0.400
Snapshot APE: score=0.000 mentions=0 change2h=0.000
Snapshot OP: score=0.000 mentions=0 change2h=-1.000
Snapshot LTC: score=0.000 mentions=0 change2h=0.000
Snapshot DOGE: score=0.000 mentions=0 change2h=0.000
Snapshot INJ: score=0.000 mentions=0 change2h=0.000
Snapshot KPEPE: score=0.000 mentions=0 change2h=0.000
Snapshot CRV: score=0.000 mentions=0 change2h=0.000
Snapshot LDO: score=0.000 mentions=0 change2h=0.000
Snapshot LINK: score=0.000 mentions=0 change2h=0.000
Snapshot STX: score=0.000 mentions=0 change2h=0.000
Snapshot RNDR: score=0.000 mentions=0 change2h=0.000
Snapshot CFX: score=0.000 mentions=0 change2h=0.000
Snapshot FTM: score=0.000 mentions=0 change2h=0.000
Snapshot GMX: score=0.000 mentions=0 change2h=0.000
Snapshot SNX: score=0.000 mentions=0 change2h=0.000
Snapshot XRP: score=0.000 mentions=0 change2h=0.400
Snapshot BCH: score=0.000 mentions=0 change2h=0.000
Snapshot APT: score=0.000 mentions=0 change2h=0.000
Snapshot MKR: score=0.000 mentions=0 change2h=0.000
Snapshot WLD: score=0.000 mentions=0 change2h=0.000
Snapshot FXS: score=0.000 mentions=0 change2h=0.000
Snapshot HPOS: score=0.000 mentions=0 change2h=0.000
Snapshot RLB: score=0.000 mentions=0 change2h=0.000
Snapshot UNIBOT: score=0.000 mentions=0 change2h=0.000
Snapshot YGG: score=0.000 mentions=0 change2h=0.000
Snapshot TRX: score=0.000 mentions=0 change2h=0.000
Snapshot KSHIB: score=0.000 mentions=0 change2h=0.000
Snapshot UNI: score=0.000 mentions=0 change2h=-0.400
Snapshot SEI: score=0.000 mentions=0 change2h=0.000
Snapshot RUNE: score=0.000 mentions=0 change2h=0.000
Snapshot OX: score=0.000 mentions=0 change2h=0.000
Snapshot FRIEND: score=0.000 mentions=0 change2h=0.000
Snapshot SHIA: score=0.000 mentions=0 change2h=0.000
Snapshot CYBER: score=0.000 mentions=0 change2h=0.000
Snapshot ZRO: score=0.000 mentions=0 change2h=0.000
Snapshot BLZ: score=0.000 mentions=0 change2h=0.000
Snapshot DOT: score=0.000 mentions=0 change2h=0.000
Snapshot BANANA: score=0.000 mentions=0 change2h=0.000
Snapshot TRB: score=0.000 mentions=0 change2h=0.000
Snapshot FTT: score=0.000 mentions=0 change2h=0.000
Snapshot LOOM: score=0.000 mentions=0 change2h=0.000
Snapshot OGN: score=0.000 mentions=0 change2h=0.000
Snapshot RDNT: score=0.000 mentions=0 change2h=0.000
Snapshot ARK: score=0.000 mentions=0 change2h=0.200
Snapshot BNT: score=0.000 mentions=0 change2h=0.000
Snapshot CANTO: score=0.000 mentions=0 change2h=0.000
Snapshot REQ: score=0.000 mentions=0 change2h=0.000
Snapshot BIGTIME: score=0.000 mentions=0 change2h=0.000
Snapshot KAS: score=0.000 mentions=0 change2h=0.000
Snapshot ORBS: score=0.000 mentions=0 change2h=0.000
Snapshot BLUR: score=0.000 mentions=0 change2h=0.000
Snapshot TIA: score=0.000 mentions=0 change2h=0.000
Snapshot TON: score=0.000 mentions=0 change2h=0.000
Snapshot MINA: score=0.000 mentions=0 change2h=0.000
Snapshot POLYX: score=0.000 mentions=0 change2h=0.000
Snapshot GAS: score=0.000 mentions=0 change2h=0.000
Snapshot STG: score=0.000 mentions=0 change2h=0.000
Snapshot STRAX: score=0.000 mentions=0 change2h=0.000
Snapshot ORDI: score=0.000 mentions=0 change2h=0.000
Snapshot BADGER: score=0.000 mentions=0 change2h=0.000
Snapshot NEO: score=0.000 mentions=0 change2h=0.000
Snapshot FIL: score=0.000 mentions=0 change2h=0.000
Snapshot PYTH: score=0.000 mentions=0 change2h=0.000
Snapshot SUSHI: score=0.000 mentions=0 change2h=0.000
Snapshot ILV: score=0.000 mentions=0 change2h=0.000
Snapshot IMX: score=0.000 mentions=0 change2h=0.000
Snapshot KBONK: score=0.000 mentions=0 change2h=0.000
Snapshot GMT: score=0.000 mentions=0 change2h=0.000
Snapshot SUPER: score=0.000 mentions=0 change2h=0.000
Snapshot USTC: score=0.000 mentions=0 change2h=0.000
Snapshot NFTI: score=0.000 mentions=0 change2h=0.000
Snapshot KLUNC: score=0.000 mentions=0 change2h=0.000
Snapshot RSR: score=0.000 mentions=0 change2h=0.000
Snapshot GALA: score=0.000 mentions=0 change2h=0.000
Snapshot JTO: score=0.000 mentions=0 change2h=0.000
Snapshot NTRN: score=0.000 mentions=0 change2h=0.000
Snapshot ACE: score=0.000 mentions=0 change2h=0.000
Snapshot MAV: score=0.000 mentions=0 change2h=-0.400
Snapshot WIF: score=0.000 mentions=0 change2h=0.000
Snapshot CAKE: score=0.000 mentions=0 change2h=0.000
Snapshot PEOPLE: score=0.000 mentions=0 change2h=0.000
Snapshot ENS: score=0.000 mentions=0 change2h=0.000
Snapshot ETC: score=0.000 mentions=0 change2h=0.000
Snapshot XAI: score=0.000 mentions=0 change2h=0.000
Snapshot MANTA: score=0.000 mentions=0 change2h=0.000
Snapshot UMA: score=0.000 mentions=0 change2h=0.000
Snapshot ONDO: score=0.000 mentions=0 change2h=0.000
Snapshot ALT: score=0.000 mentions=0 change2h=0.200
Snapshot ZETA: score=0.000 mentions=0 change2h=0.000
Snapshot DYM: score=0.000 mentions=0 change2h=-0.400
Snapshot MAVIA: score=0.000 mentions=0 change2h=0.000
Snapshot W: score=0.000 mentions=0 change2h=0.000
Snapshot PANDORA: score=0.000 mentions=0 change2h=0.000
Snapshot STRK: score=0.000 mentions=0 change2h=0.000
Snapshot PIXEL: score=0.000 mentions=0 change2h=0.000
Snapshot AI: score=-0.836 mentions=1 change2h=-0.836
Snapshot TAO: score=0.000 mentions=0 change2h=0.000
Snapshot AR: score=0.000 mentions=0 change2h=0.000
Snapshot MYRO: score=0.000 mentions=0 change2h=0.000
Snapshot KFLOKI: score=0.000 mentions=0 change2h=0.000
Snapshot BOME: score=0.000 mentions=0 change2h=0.000
Snapshot ETHFI: score=0.000 mentions=0 change2h=0.000
Snapshot ENA: score=0.000 mentions=0 change2h=0.000
Snapshot MNT: score=0.000 mentions=0 change2h=0.000
Snapshot TNSR: score=0.000 mentions=0 change2h=-0.400
Snapshot SAGA: score=0.000 mentions=0 change2h=0.000
Snapshot MERL: score=0.000 mentions=0 change2h=0.000
Snapshot HBAR: score=0.000 mentions=0 change2h=0.000
Snapshot POPCAT: score=0.000 mentions=0 change2h=0.000
Snapshot OMNI: score=0.000 mentions=0 change2h=0.000
Snapshot EIGEN: score=0.000 mentions=0 change2h=0.000
Snapshot REZ: score=0.000 mentions=0 change2h=0.000
Snapshot NOT: score=0.804 mentions=1 change2h=0.728
Snapshot TURBO: score=0.000 mentions=0 change2h=0.000
Snapshot BRETT: score=0.000 mentions=0 change2h=0.000
Snapshot IO: score=0.000 mentions=0 change2h=0.000
Snapshot ZK: score=0.000 mentions=0 change2h=0.000
Snapshot BLAST: score=0.000 mentions=0 change2h=0.000
Snapshot LISTA: score=0.000 mentions=0 change2h=0.000
Snapshot MEW: score=0.000 mentions=0 change2h=0.000
Snapshot RENDER: score=0.000 mentions=0 change2h=0.000
Snapshot KDOGS: score=0.000 mentions=0 change2h=0.000
Snapshot POL: score=0.000 mentions=0 change2h=0.000
Snapshot CATI: score=0.000 mentions=0 change2h=0.000
Snapshot CELO: score=0.000 mentions=0 change2h=0.000
Snapshot HMSTR: score=0.000 mentions=0 change2h=0.000
Snapshot SCR: score=0.000 mentions=0 change2h=0.000
Snapshot NEIROETH: score=0.000 mentions=0 change2h=0.000
Snapshot KNEIRO: score=0.000 mentions=0 change2h=0.000
Snapshot GOAT: score=0.000 mentions=0 change2h=0.000
Snapshot MOODENG: score=0.000 mentions=0 change2h=0.000
Snapshot GRASS: score=0.000 mentions=0 change2h=0.000
Snapshot PURR: score=0.000 mentions=0 change2h=0.000
Snapshot PNUT: score=0.000 mentions=0 change2h=0.000
Snapshot XLM: score=0.000 mentions=0 change2h=0.000
Snapshot CHILLGUY: score=0.000 mentions=0 change2h=0.000
Snapshot SAND: score=0.000 mentions=0 change2h=0.000
Snapshot IOTA: score=0.000 mentions=0 change2h=0.000
Snapshot ALGO: score=0.000 mentions=0 change2h=0.000
Snapshot HYPE: score=0.000 mentions=0 change2h=-0.133
Snapshot ME: score=0.000 mentions=0 change2h=0.000
Snapshot MOVE: score=0.000 mentions=0 change2h=0.000
Snapshot USUAL: score=0.000 mentions=0 change2h=0.000
Snapshot AI16Z: score=0.000 mentions=0 change2h=0.000
Snapshot AIXBT: score=0.000 mentions=0 change2h=0.000
Snapshot ZEREBRO: score=0.000 mentions=0 change2h=0.000
Snapshot BIO: score=0.000 mentions=0 change2h=0.000
Snapshot GRIFFAIN: score=0.000 mentions=0 change2h=0.000
Snapshot SPX: score=0.000 mentions=0 change2h=0.000
Snapshot S: score=-0.083 mentions=2 change2h=-0.083
Snapshot MELANIA: score=0.000 mentions=0 change2h=0.000
Snapshot ANIME: score=0.000 mentions=0 change2h=0.000
Snapshot VINE: score=0.000 mentions=0 change2h=0.000
Snapshot JELLY: score=0.000 mentions=0 change2h=0.000
Snapshot BERA: score=0.000 mentions=0 change2h=0.000
Snapshot TST: score=0.000 mentions=0 change2h=0.000
Snapshot LAYER: score=0.913 mentions=1 change2h=0.913
Snapshot IP: score=0.000 mentions=0 change2h=0.000
Snapshot OM: score=0.000 mentions=0 change2h=0.000
Snapshot KAITO: score=0.000 mentions=0 change2h=0.000
Snapshot NIL: score=0.000 mentions=0 change2h=0.000
Snapshot PAXG: score=0.000 mentions=0 change2h=0.000
Snapshot BABY: score=0.000 mentions=0 change2h=0.000
Snapshot WCT: score=0.000 mentions=0 change2h=0.000
Snapshot HYPER: score=0.000 mentions=0 change2h=0.000
Snapshot ZORA: score=0.000 mentions=0 change2h=0.000
Snapshot INIT: score=0.000 mentions=0 change2h=0.000
Snapshot DOOD: score=0.000 mentions=0 change2h=0.000
Snapshot LAUNCHCOIN: score=0.000 mentions=0 change2h=0.000
Snapshot NXPC: score=0.000 mentions=0 change2h=0.000
Snapshot SOPH: score=0.000 mentions=0 change2h=0.000
Snapshot RESOLV: score=0.000 mentions=0 change2h=0.000
Snapshot SYRUP: score=0.000 mentions=0 change2h=0.000
Snapshot PROVE: score=0.000 mentions=0 change2h=0.000
Snapshot YZY: score=0.000 mentions=0 change2h=0.000
Snapshot WLFI: score=0.000 mentions=0 change2h=0.000
Snapshot SKY: score=0.000 mentions=0 change2h=0.000
Snapshot ASTER: score=0.000 mentions=0 change2h=0.000
Snapshot AVNT: score=0.000 mentions=0 change2h=0.000
Snapshot STBL: score=0.000 mentions=0 change2h=0.000
Snapshot 0G: score=0.000 mentions=0 change2h=0.000
Snapshot HEMI: score=0.000 mentions=0 change2h=0.000
Snapshot APEX: score=0.000 mentions=0 change2h=0.000
Snapshot 2Z: score=0.000 mentions=0 change2h=0.000
Snapshot ZEC: score=0.000 mentions=0 change2h=0.400
Snapshot MON: score=0.000 mentions=0 change2h=0.000
Snapshot MET: score=0.000 mentions=0 change2h=0.000
Snapshot MEGA: score=0.000 mentions=0 change2h=-0.600
Snapshot CC: score=0.000 mentions=0 change2h=0.000
Snapshot ICP: score=0.000 mentions=0 change2h=0.000
Snapshot AERO: score=0.000 mentions=0 change2h=0.000
✅ Sentiment pipeline cycle completed.
💤 Sleeping for 900s...

[2025-11-23T22:37:03.153Z] 🧠 Running Sentiment Pipeline...
[RSS] fetching coindesk (https://www.coindesk.com/arc/outboundfeeds/rss/?outputType=xml)
[RSS] parsed 0 new rows (post-dedupe) for coindesk
[RSS] fetching cointelegraph (https://cointelegraph.com/rss)
[RSS] parsed 0 new rows (post-dedupe) for cointelegraph
[RSS] fetching decrypt (https://decrypt.co/feed)
[RSS] parsed 0 new rows (post-dedupe) for decrypt
[RSS] fetching cryptoslate (http://localhost:1200/cryptoslate)
[RSS error] cryptoslate failed: Error: Status code 503
[RSS] fetching cn_jinse_all (http://localhost:1200/jinse/lives)
[RSS] parsed 0 new rows (post-dedupe) for cn_jinse_all
[RSS] fetching cn_jinse_policy (http://localhost:1200/jinse/lives/2)
[RSS] parsed 0 new rows (post-dedupe) for cn_jinse_policy
[RSS] fetching cn_odaily_newsflash (https://rss.odaily.news/rss/newsflash)
[RSS] parsed 0 new rows (post-dedupe) for cn_odaily_newsflash
[RSS] fetching cn_odaily_articles (https://rss.odaily.news/rss/post)
[RSS] parsed 0 new rows (post-dedupe) for cn_odaily_articles
[RSS] fetching cn_blockbeats_newsflash (https://api.theblockbeats.news/v2/rss/newsflash)
[RSS] parsed 0 new rows (post-dedupe) for cn_blockbeats_newsflash
[RSS] fetching cn_blockbeats_article (https://api.theblockbeats.news/v2/rss/article)
[RSS] parsed 0 new rows (post-dedupe) for cn_blockbeats_article
Twitter rate limited, skipping this run { limit: 1, remaining: 0, reset: 1763937847 }
Snapshot BTC: score=0.161 mentions=6 change2h=0.044
Snapshot ETH: score=0.304 mentions=3 change2h=0.304
Snapshot SOL: score=-0.959 mentions=1 change2h=-1.559
Snapshot ARB: score=0.000 mentions=0 change2h=-1.000
Snapshot VVV: score=0.000 mentions=0 change2h=0.000
Snapshot FARTCOIN: score=0.000 mentions=0 change2h=-0.400
Snapshot ZEN: score=0.000 mentions=0 change2h=0.000
Snapshot PUMP: score=0.000 mentions=0 change2h=0.000
Snapshot AAVE: score=0.944 mentions=1 change2h=0.544
Snapshot XPL: score=0.000 mentions=0 change2h=0.000
Snapshot AVAX: score=0.000 mentions=0 change2h=0.000
Snapshot PENDLE: score=0.000 mentions=0 change2h=0.000
Snapshot ADA: score=0.000 mentions=0 change2h=0.000
Snapshot FET: score=0.000 mentions=0 change2h=0.000
Snapshot COMP: score=0.000 mentions=0 change2h=0.000
Snapshot PROMPT: score=0.000 mentions=0 change2h=0.000
Snapshot TRUMP: score=0.000 mentions=0 change2h=0.000
Snapshot VIRTUAL: score=0.000 mentions=0 change2h=0.000
Snapshot SUI: score=0.000 mentions=0 change2h=0.000
Snapshot MEME: score=0.000 mentions=0 change2h=0.000
Snapshot JUP: score=0.000 mentions=0 change2h=0.000
Snapshot MORPHO: score=0.000 mentions=0 change2h=0.000
Snapshot PENGU: score=0.000 mentions=0 change2h=0.000
Snapshot ATOM: score=0.000 mentions=0 change2h=0.000
Snapshot NEAR: score=0.000 mentions=0 change2h=0.267
Snapshot BSV: score=0.000 mentions=0 change2h=0.000
Snapshot LINEA: score=0.000 mentions=1 change2h=0.000
Snapshot MATIC: score=0.000 mentions=0 change2h=0.000
Snapshot DYDX: score=0.000 mentions=0 change2h=0.000
Snapshot BNB: score=0.000 mentions=0 change2h=-0.400
Snapshot APE: score=0.000 mentions=0 change2h=0.000
Snapshot OP: score=0.000 mentions=0 change2h=-1.000
Snapshot LTC: score=0.000 mentions=0 change2h=0.000
Snapshot DOGE: score=0.000 mentions=0 change2h=0.000
Snapshot INJ: score=0.000 mentions=0 change2h=0.000
Snapshot KPEPE: score=0.000 mentions=0 change2h=0.000
Snapshot CRV: score=0.000 mentions=0 change2h=0.000
Snapshot LDO: score=0.000 mentions=0 change2h=0.000
Snapshot LINK: score=0.000 mentions=0 change2h=0.000
Snapshot STX: score=0.000 mentions=0 change2h=0.000
Snapshot RNDR: score=0.000 mentions=0 change2h=0.000
Snapshot CFX: score=0.000 mentions=0 change2h=0.000
Snapshot FTM: score=0.000 mentions=0 change2h=0.000
Snapshot GMX: score=0.000 mentions=0 change2h=0.000
Snapshot SNX: score=0.000 mentions=0 change2h=0.000
Snapshot XRP: score=0.000 mentions=0 change2h=0.400
Snapshot BCH: score=0.000 mentions=0 change2h=0.000
Snapshot APT: score=0.000 mentions=0 change2h=0.000
Snapshot MKR: score=0.000 mentions=0 change2h=0.000
Snapshot WLD: score=0.000 mentions=0 change2h=0.000
Snapshot FXS: score=0.000 mentions=0 change2h=0.000
Snapshot HPOS: score=0.000 mentions=0 change2h=0.000
Snapshot RLB: score=0.000 mentions=0 change2h=0.000
Snapshot UNIBOT: score=0.000 mentions=0 change2h=0.000
Snapshot YGG: score=0.000 mentions=0 change2h=0.000
Snapshot TRX: score=0.000 mentions=0 change2h=0.000
Snapshot KSHIB: score=0.000 mentions=0 change2h=0.000
Snapshot UNI: score=0.000 mentions=0 change2h=-0.400
Snapshot SEI: score=0.000 mentions=0 change2h=0.000
Snapshot RUNE: score=0.000 mentions=0 change2h=0.000
Snapshot OX: score=0.000 mentions=0 change2h=0.000
Snapshot FRIEND: score=0.000 mentions=0 change2h=0.000
Snapshot SHIA: score=0.000 mentions=0 change2h=0.000
Snapshot CYBER: score=0.000 mentions=0 change2h=0.000
Snapshot ZRO: score=0.000 mentions=0 change2h=0.000
Snapshot BLZ: score=0.000 mentions=0 change2h=0.000
Snapshot DOT: score=0.000 mentions=0 change2h=0.000
Snapshot BANANA: score=0.000 mentions=0 change2h=0.000
Snapshot TRB: score=0.000 mentions=0 change2h=0.000
Snapshot FTT: score=0.000 mentions=0 change2h=0.000
Snapshot LOOM: score=0.000 mentions=0 change2h=0.000
Snapshot OGN: score=0.000 mentions=0 change2h=0.000
Snapshot RDNT: score=0.000 mentions=0 change2h=0.000
Snapshot ARK: score=0.000 mentions=0 change2h=0.200
Snapshot BNT: score=0.000 mentions=0 change2h=0.000
Snapshot CANTO: score=0.000 mentions=0 change2h=0.000
Snapshot REQ: score=0.000 mentions=0 change2h=0.000
Snapshot BIGTIME: score=0.000 mentions=0 change2h=0.000
Snapshot KAS: score=0.000 mentions=0 change2h=0.000
Snapshot ORBS: score=0.000 mentions=0 change2h=0.000
Snapshot BLUR: score=0.000 mentions=0 change2h=0.000
Snapshot TIA: score=0.000 mentions=0 change2h=0.000
Snapshot TON: score=0.000 mentions=0 change2h=0.000
Snapshot MINA: score=0.000 mentions=0 change2h=0.000
Snapshot POLYX: score=0.000 mentions=0 change2h=0.000
Snapshot GAS: score=0.000 mentions=0 change2h=0.000
Snapshot STG: score=0.000 mentions=0 change2h=0.000
Snapshot STRAX: score=0.000 mentions=0 change2h=0.000
Snapshot ORDI: score=0.000 mentions=0 change2h=0.000
Snapshot BADGER: score=0.000 mentions=0 change2h=0.000
Snapshot NEO: score=0.000 mentions=0 change2h=0.000
Snapshot FIL: score=0.000 mentions=0 change2h=0.000
Snapshot PYTH: score=0.000 mentions=0 change2h=0.000
Snapshot SUSHI: score=0.000 mentions=0 change2h=0.000
Snapshot ILV: score=0.000 mentions=0 change2h=0.000
Snapshot IMX: score=0.000 mentions=0 change2h=0.000
Snapshot KBONK: score=0.000 mentions=0 change2h=0.000
Snapshot GMT: score=0.000 mentions=0 change2h=0.000
Snapshot SUPER: score=0.000 mentions=0 change2h=0.000
Snapshot USTC: score=0.000 mentions=0 change2h=0.000
Snapshot NFTI: score=0.000 mentions=0 change2h=0.000
Snapshot KLUNC: score=0.000 mentions=0 change2h=0.000
Snapshot RSR: score=0.000 mentions=0 change2h=0.000
Snapshot GALA: score=0.000 mentions=0 change2h=0.000
Snapshot JTO: score=0.000 mentions=0 change2h=0.000
Snapshot NTRN: score=0.000 mentions=0 change2h=0.000
Snapshot ACE: score=0.000 mentions=0 change2h=0.000
Snapshot MAV: score=0.000 mentions=0 change2h=-0.400
Snapshot WIF: score=0.000 mentions=0 change2h=0.000
Snapshot CAKE: score=0.000 mentions=0 change2h=0.000
Snapshot PEOPLE: score=0.000 mentions=0 change2h=0.000
Snapshot ENS: score=0.000 mentions=0 change2h=0.000
Snapshot ETC: score=0.000 mentions=0 change2h=0.000
Snapshot XAI: score=0.000 mentions=0 change2h=0.000
Snapshot MANTA: score=0.000 mentions=0 change2h=0.000
Snapshot UMA: score=0.000 mentions=0 change2h=0.000
Snapshot ONDO: score=0.000 mentions=0 change2h=0.000
Snapshot ALT: score=0.000 mentions=0 change2h=0.200
Snapshot ZETA: score=0.000 mentions=0 change2h=0.000
Snapshot DYM: score=0.000 mentions=0 change2h=-0.400
Snapshot MAVIA: score=0.000 mentions=0 change2h=0.000
Snapshot W: score=0.000 mentions=0 change2h=0.000
Snapshot PANDORA: score=0.000 mentions=0 change2h=0.000
Snapshot STRK: score=0.000 mentions=0 change2h=0.000
Snapshot PIXEL: score=0.000 mentions=0 change2h=0.000
Snapshot AI: score=-0.836 mentions=1 change2h=-0.836
Snapshot TAO: score=0.000 mentions=0 change2h=0.000
Snapshot AR: score=0.000 mentions=0 change2h=0.000
Snapshot MYRO: score=0.000 mentions=0 change2h=0.000
Snapshot KFLOKI: score=0.000 mentions=0 change2h=0.000
Snapshot BOME: score=0.000 mentions=0 change2h=0.000
Snapshot ETHFI: score=0.000 mentions=0 change2h=0.000
Snapshot ENA: score=0.000 mentions=0 change2h=0.000
Snapshot MNT: score=0.000 mentions=0 change2h=0.000
Snapshot TNSR: score=0.000 mentions=0 change2h=-0.400
Snapshot SAGA: score=0.000 mentions=0 change2h=0.000
Snapshot MERL: score=0.000 mentions=0 change2h=0.000
Snapshot HBAR: score=0.000 mentions=0 change2h=0.000
Snapshot POPCAT: score=0.000 mentions=0 change2h=0.000
Snapshot OMNI: score=0.000 mentions=0 change2h=0.000
Snapshot EIGEN: score=0.000 mentions=0 change2h=0.000
Snapshot REZ: score=0.000 mentions=0 change2h=0.000
Snapshot NOT: score=0.804 mentions=1 change2h=0.728
Snapshot TURBO: score=0.000 mentions=0 change2h=0.000
Snapshot BRETT: score=0.000 mentions=0 change2h=0.000
Snapshot IO: score=0.000 mentions=0 change2h=0.000
Snapshot ZK: score=0.000 mentions=0 change2h=0.000
Snapshot BLAST: score=0.000 mentions=0 change2h=0.000
Snapshot LISTA: score=0.000 mentions=0 change2h=0.000
Snapshot MEW: score=0.000 mentions=0 change2h=0.000
Snapshot RENDER: score=0.000 mentions=0 change2h=0.000
Snapshot KDOGS: score=0.000 mentions=0 change2h=0.000
Snapshot POL: score=0.000 mentions=0 change2h=0.000
Snapshot CATI: score=0.000 mentions=0 change2h=0.000
Snapshot CELO: score=0.000 mentions=0 change2h=0.000
Snapshot HMSTR: score=0.000 mentions=0 change2h=0.000
Snapshot SCR: score=0.000 mentions=0 change2h=0.000
Snapshot NEIROETH: score=0.000 mentions=0 change2h=0.000
Snapshot KNEIRO: score=0.000 mentions=0 change2h=0.000
Snapshot GOAT: score=0.000 mentions=0 change2h=0.000
Snapshot MOODENG: score=0.000 mentions=0 change2h=0.000
Snapshot GRASS: score=0.000 mentions=0 change2h=0.000
Snapshot PURR: score=0.000 mentions=0 change2h=0.000
Snapshot PNUT: score=0.000 mentions=0 change2h=0.000
Snapshot XLM: score=0.000 mentions=0 change2h=0.000
Snapshot CHILLGUY: score=0.000 mentions=0 change2h=0.000
Snapshot SAND: score=0.000 mentions=0 change2h=0.000
Snapshot IOTA: score=0.000 mentions=0 change2h=0.000
Snapshot ALGO: score=0.000 mentions=0 change2h=0.000
Snapshot HYPE: score=0.000 mentions=0 change2h=-0.133
Snapshot ME: score=0.000 mentions=0 change2h=0.000
Snapshot MOVE: score=0.000 mentions=0 change2h=0.000
Snapshot USUAL: score=0.000 mentions=0 change2h=0.000
Snapshot AI16Z: score=0.000 mentions=0 change2h=0.000
Snapshot AIXBT: score=0.000 mentions=0 change2h=0.000
Snapshot ZEREBRO: score=0.000 mentions=0 change2h=0.000
Snapshot BIO: score=0.000 mentions=0 change2h=0.000
Snapshot GRIFFAIN: score=0.000 mentions=0 change2h=0.000
Snapshot SPX: score=0.000 mentions=0 change2h=0.000
Snapshot S: score=0.000 mentions=1 change2h=0.000
Snapshot MELANIA: score=0.000 mentions=0 change2h=0.000
Snapshot ANIME: score=0.000 mentions=0 change2h=0.000
Snapshot VINE: score=0.000 mentions=0 change2h=0.000
Snapshot JELLY: score=0.000 mentions=0 change2h=0.000
Snapshot BERA: score=0.000 mentions=0 change2h=0.000
Snapshot TST: score=0.000 mentions=0 change2h=0.000
Snapshot LAYER: score=0.913 mentions=1 change2h=0.913
Snapshot IP: score=0.000 mentions=0 change2h=0.000
Snapshot OM: score=0.000 mentions=0 change2h=0.000
Snapshot KAITO: score=0.000 mentions=0 change2h=0.000
Snapshot NIL: score=0.000 mentions=0 change2h=0.000
Snapshot PAXG: score=0.000 mentions=0 change2h=0.000
Snapshot BABY: score=0.000 mentions=0 change2h=0.000
Snapshot WCT: score=0.000 mentions=0 change2h=0.000
Snapshot HYPER: score=0.000 mentions=0 change2h=0.000
Snapshot ZORA: score=0.000 mentions=0 change2h=0.000
Snapshot INIT: score=0.000 mentions=0 change2h=0.000
Snapshot DOOD: score=0.000 mentions=0 change2h=0.000
Snapshot LAUNCHCOIN: score=0.000 mentions=0 change2h=0.000
Snapshot NXPC: score=0.000 mentions=0 change2h=0.000
Snapshot SOPH: score=0.000 mentions=0 change2h=0.000
Snapshot RESOLV: score=0.000 mentions=0 change2h=0.000
Snapshot SYRUP: score=0.000 mentions=0 change2h=0.000
Snapshot PROVE: score=0.000 mentions=0 change2h=0.000
Snapshot YZY: score=0.000 mentions=0 change2h=0.000
Snapshot WLFI: score=0.000 mentions=0 change2h=0.000
Snapshot SKY: score=0.000 mentions=0 change2h=0.000
Snapshot ASTER: score=0.000 mentions=0 change2h=0.000
Snapshot AVNT: score=0.000 mentions=0 change2h=0.000
Snapshot STBL: score=0.000 mentions=0 change2h=0.000
Snapshot 0G: score=0.000 mentions=0 change2h=0.000
Snapshot HEMI: score=0.000 mentions=0 change2h=0.000
Snapshot APEX: score=0.000 mentions=0 change2h=0.000
Snapshot 2Z: score=0.000 mentions=0 change2h=0.000
Snapshot ZEC: score=0.000 mentions=0 change2h=0.400
Snapshot MON: score=0.000 mentions=0 change2h=0.000
Snapshot MET: score=0.000 mentions=0 change2h=0.000
Snapshot MEGA: score=0.000 mentions=0 change2h=-0.600
Snapshot CC: score=0.000 mentions=0 change2h=0.000
Snapshot ICP: score=0.000 mentions=0 change2h=0.000
Snapshot AERO: score=0.000 mentions=0 change2h=0.000
✅ Sentiment pipeline cycle completed.
💤 Sleeping for 900s...

[2025-11-23T22:52:20.319Z] 🧠 Running Sentiment Pipeline...
[RSS] fetching coindesk (https://www.coindesk.com/arc/outboundfeeds/rss/?outputType=xml)
[RSS] parsed 0 new rows (post-dedupe) for coindesk
[RSS] fetching cointelegraph (https://cointelegraph.com/rss)
[RSS] parsed 0 new rows (post-dedupe) for cointelegraph
[RSS] fetching decrypt (https://decrypt.co/feed)
[RSS] parsed 0 new rows (post-dedupe) for decrypt
[RSS] fetching cryptoslate (http://localhost:1200/cryptoslate)
[RSS error] cryptoslate failed: Error: Status code 503
[RSS] fetching cn_jinse_all (http://localhost:1200/jinse/lives)
[RSS] parsed 0 new rows (post-dedupe) for cn_jinse_all
[RSS] fetching cn_jinse_policy (http://localhost:1200/jinse/lives/2)
[RSS] parsed 0 new rows (post-dedupe) for cn_jinse_policy
[RSS] fetching cn_odaily_newsflash (https://rss.odaily.news/rss/newsflash)
[RSS] parsed 0 new rows (post-dedupe) for cn_odaily_newsflash
[RSS] fetching cn_odaily_articles (https://rss.odaily.news/rss/post)
[RSS] parsed 0 new rows (post-dedupe) for cn_odaily_articles
[RSS] fetching cn_blockbeats_newsflash (https://api.theblockbeats.news/v2/rss/newsflash)
[RSS] parsed 0 new rows (post-dedupe) for cn_blockbeats_newsflash
[RSS] fetching cn_blockbeats_article (https://api.theblockbeats.news/v2/rss/article)
[RSS] parsed 0 new rows (post-dedupe) for cn_blockbeats_article
Twitter rate limited, skipping this run { limit: 1, remaining: 0, reset: 1763938747 }
Scored 1 messages
Snapshot BTC: score=0.161 mentions=6 change2h=0.234
Snapshot ETH: score=0.304 mentions=3 change2h=0.304
Snapshot SOL: score=-0.959 mentions=1 change2h=-1.559
Snapshot ARB: score=0.000 mentions=0 change2h=-1.000
Snapshot VVV: score=0.000 mentions=0 change2h=0.000
Snapshot FARTCOIN: score=0.000 mentions=0 change2h=-0.400
Snapshot ZEN: score=0.000 mentions=0 change2h=0.000
Snapshot PUMP: score=0.000 mentions=0 change2h=0.000
Snapshot AAVE: score=0.944 mentions=1 change2h=0.000
Snapshot XPL: score=0.000 mentions=0 change2h=0.000
Snapshot AVAX: score=0.000 mentions=0 change2h=0.000
Snapshot PENDLE: score=0.000 mentions=0 change2h=0.000
Snapshot ADA: score=0.000 mentions=0 change2h=0.000
Snapshot FET: score=0.000 mentions=0 change2h=0.000
Snapshot COMP: score=0.000 mentions=0 change2h=0.000
Snapshot PROMPT: score=0.000 mentions=0 change2h=0.000
Snapshot TRUMP: score=0.000 mentions=0 change2h=0.000
Snapshot VIRTUAL: score=0.000 mentions=0 change2h=0.000
Snapshot SUI: score=0.000 mentions=0 change2h=0.000
Snapshot MEME: score=0.000 mentions=0 change2h=0.000
Snapshot JUP: score=0.000 mentions=0 change2h=0.000
Snapshot MORPHO: score=0.000 mentions=0 change2h=0.000
Snapshot PENGU: score=0.000 mentions=0 change2h=0.000
Snapshot ATOM: score=0.000 mentions=0 change2h=0.000
Snapshot NEAR: score=0.000 mentions=0 change2h=0.267
Snapshot BSV: score=0.000 mentions=0 change2h=0.000
Snapshot LINEA: score=0.000 mentions=1 change2h=0.000
Snapshot MATIC: score=0.000 mentions=0 change2h=0.000
Snapshot DYDX: score=0.000 mentions=0 change2h=0.000
Snapshot BNB: score=0.000 mentions=0 change2h=-0.400
Snapshot APE: score=0.000 mentions=0 change2h=0.000
Snapshot OP: score=0.000 mentions=0 change2h=-1.000
Snapshot LTC: score=0.000 mentions=0 change2h=0.000
Snapshot DOGE: score=-0.517 mentions=1 change2h=0.000
Snapshot INJ: score=0.000 mentions=0 change2h=0.000
Snapshot KPEPE: score=0.000 mentions=0 change2h=0.000
Snapshot CRV: score=0.000 mentions=0 change2h=0.000
Snapshot LDO: score=0.000 mentions=0 change2h=0.000
Snapshot LINK: score=0.000 mentions=0 change2h=0.000
Snapshot STX: score=0.000 mentions=0 change2h=0.000
Snapshot RNDR: score=0.000 mentions=0 change2h=0.000
Snapshot CFX: score=0.000 mentions=0 change2h=0.000
Snapshot FTM: score=0.000 mentions=0 change2h=0.000
Snapshot GMX: score=0.000 mentions=0 change2h=0.000
Snapshot SNX: score=0.000 mentions=0 change2h=0.000
Snapshot XRP: score=0.000 mentions=0 change2h=0.400
Snapshot BCH: score=0.000 mentions=0 change2h=0.000
Snapshot APT: score=0.000 mentions=0 change2h=0.000
Snapshot MKR: score=0.000 mentions=0 change2h=0.000
Snapshot WLD: score=0.000 mentions=0 change2h=0.000
Snapshot FXS: score=0.000 mentions=0 change2h=0.000
Snapshot HPOS: score=0.000 mentions=0 change2h=0.000
Snapshot RLB: score=0.000 mentions=0 change2h=0.000
Snapshot UNIBOT: score=0.000 mentions=0 change2h=0.000
Snapshot YGG: score=0.000 mentions=0 change2h=0.000
Snapshot TRX: score=0.000 mentions=0 change2h=0.000
Snapshot KSHIB: score=0.000 mentions=0 change2h=0.000
Snapshot UNI: score=0.000 mentions=0 change2h=-0.400
Snapshot SEI: score=0.000 mentions=0 change2h=0.000
Snapshot RUNE: score=0.000 mentions=0 change2h=0.000
Snapshot OX: score=0.000 mentions=0 change2h=0.000
Snapshot FRIEND: score=0.000 mentions=0 change2h=0.000
Snapshot SHIA: score=0.000 mentions=0 change2h=0.000
Snapshot CYBER: score=0.000 mentions=0 change2h=0.000
Snapshot ZRO: score=0.000 mentions=0 change2h=0.000
Snapshot BLZ: score=0.000 mentions=0 change2h=0.000
Snapshot DOT: score=0.000 mentions=0 change2h=0.000
Snapshot BANANA: score=0.000 mentions=0 change2h=0.000
Snapshot TRB: score=0.000 mentions=0 change2h=0.000
Snapshot FTT: score=0.000 mentions=0 change2h=0.000
Snapshot LOOM: score=0.000 mentions=0 change2h=0.000
Snapshot OGN: score=0.000 mentions=0 change2h=0.000
Snapshot RDNT: score=0.000 mentions=0 change2h=0.000
Snapshot ARK: score=0.000 mentions=0 change2h=0.200
Snapshot BNT: score=0.000 mentions=0 change2h=0.000
Snapshot CANTO: score=0.000 mentions=0 change2h=0.000
Snapshot REQ: score=0.000 mentions=0 change2h=0.000
Snapshot BIGTIME: score=0.000 mentions=0 change2h=0.000
Snapshot KAS: score=0.000 mentions=0 change2h=0.000
Snapshot ORBS: score=0.000 mentions=0 change2h=0.000
Snapshot BLUR: score=0.000 mentions=0 change2h=0.000
Snapshot TIA: score=0.000 mentions=0 change2h=0.000
Snapshot TON: score=0.000 mentions=0 change2h=0.000
Snapshot MINA: score=0.000 mentions=0 change2h=0.000
Snapshot POLYX: score=0.000 mentions=0 change2h=0.000
Snapshot GAS: score=0.000 mentions=0 change2h=0.000
Snapshot STG: score=0.000 mentions=0 change2h=0.000
Snapshot STRAX: score=0.000 mentions=0 change2h=0.000
Snapshot ORDI: score=0.000 mentions=0 change2h=0.000
Snapshot BADGER: score=0.000 mentions=0 change2h=0.000
Snapshot NEO: score=0.000 mentions=0 change2h=0.000
Snapshot FIL: score=0.000 mentions=0 change2h=0.000
Snapshot PYTH: score=0.000 mentions=0 change2h=0.000
Snapshot SUSHI: score=0.000 mentions=0 change2h=0.000
Snapshot ILV: score=0.000 mentions=0 change2h=0.000
Snapshot IMX: score=0.000 mentions=0 change2h=0.000
Snapshot KBONK: score=0.000 mentions=0 change2h=0.000
Snapshot GMT: score=0.000 mentions=0 change2h=0.000
Snapshot SUPER: score=0.000 mentions=0 change2h=0.000
Snapshot USTC: score=0.000 mentions=0 change2h=0.000
Snapshot NFTI: score=0.000 mentions=0 change2h=0.000
Snapshot KLUNC: score=0.000 mentions=0 change2h=0.000
Snapshot RSR: score=0.000 mentions=0 change2h=0.000
Snapshot GALA: score=0.000 mentions=0 change2h=0.000
Snapshot JTO: score=0.000 mentions=0 change2h=0.000
Snapshot NTRN: score=0.000 mentions=0 change2h=0.000
Snapshot ACE: score=0.000 mentions=0 change2h=0.000
Snapshot MAV: score=0.000 mentions=0 change2h=-0.400
Snapshot WIF: score=0.000 mentions=0 change2h=0.000
Snapshot CAKE: score=0.000 mentions=0 change2h=0.000
Snapshot PEOPLE: score=0.000 mentions=0 change2h=0.000
Snapshot ENS: score=0.000 mentions=0 change2h=0.000
Snapshot ETC: score=0.000 mentions=0 change2h=0.000
Snapshot XAI: score=0.000 mentions=0 change2h=0.000
Snapshot MANTA: score=0.000 mentions=0 change2h=0.000
Snapshot UMA: score=0.000 mentions=0 change2h=0.000
Snapshot ONDO: score=0.000 mentions=0 change2h=0.000
Snapshot ALT: score=0.000 mentions=0 change2h=0.200
Snapshot ZETA: score=0.000 mentions=0 change2h=0.000
Snapshot DYM: score=0.000 mentions=0 change2h=-0.400
Snapshot MAVIA: score=0.000 mentions=0 change2h=0.000
Snapshot W: score=0.000 mentions=0 change2h=0.000
Snapshot PANDORA: score=0.000 mentions=0 change2h=0.000
Snapshot STRK: score=0.000 mentions=0 change2h=0.000
Snapshot PIXEL: score=0.000 mentions=0 change2h=0.000
Snapshot AI: score=-0.836 mentions=1 change2h=-0.836
Snapshot TAO: score=0.000 mentions=0 change2h=0.000
Snapshot AR: score=0.000 mentions=0 change2h=0.000
Snapshot MYRO: score=0.000 mentions=0 change2h=0.000
Snapshot KFLOKI: score=0.000 mentions=0 change2h=0.000
Snapshot BOME: score=0.000 mentions=0 change2h=0.000
Snapshot ETHFI: score=0.000 mentions=0 change2h=0.000
Snapshot ENA: score=0.000 mentions=0 change2h=0.000
Snapshot MNT: score=0.000 mentions=0 change2h=0.000
Snapshot TNSR: score=0.000 mentions=0 change2h=-0.400
Snapshot SAGA: score=0.000 mentions=0 change2h=0.000
Snapshot MERL: score=0.000 mentions=0 change2h=0.000
Snapshot HBAR: score=0.000 mentions=0 change2h=0.000
Snapshot POPCAT: score=0.000 mentions=0 change2h=0.000
Snapshot OMNI: score=0.000 mentions=0 change2h=0.000
Snapshot EIGEN: score=0.000 mentions=0 change2h=0.000
Snapshot REZ: score=0.000 mentions=0 change2h=0.000
Snapshot NOT: score=0.804 mentions=1 change2h=0.000
Snapshot TURBO: score=0.000 mentions=0 change2h=0.000
Snapshot BRETT: score=0.000 mentions=0 change2h=0.000
Snapshot IO: score=0.000 mentions=0 change2h=0.000
Snapshot ZK: score=0.000 mentions=0 change2h=0.000
Snapshot BLAST: score=0.000 mentions=0 change2h=0.000
Snapshot LISTA: score=0.000 mentions=0 change2h=0.000
Snapshot MEW: score=0.000 mentions=0 change2h=0.000
Snapshot RENDER: score=0.000 mentions=0 change2h=0.000
Snapshot KDOGS: score=0.000 mentions=0 change2h=0.000
Snapshot POL: score=0.000 mentions=0 change2h=0.000
Snapshot CATI: score=0.000 mentions=0 change2h=0.000
Snapshot CELO: score=0.000 mentions=0 change2h=0.000
Snapshot HMSTR: score=0.000 mentions=0 change2h=0.000
Snapshot SCR: score=0.000 mentions=0 change2h=0.000
Snapshot NEIROETH: score=0.000 mentions=0 change2h=0.000
Snapshot KNEIRO: score=0.000 mentions=0 change2h=0.000
Snapshot GOAT: score=0.000 mentions=0 change2h=0.000
Snapshot MOODENG: score=0.000 mentions=0 change2h=0.000
Snapshot GRASS: score=0.000 mentions=0 change2h=0.000
Snapshot PURR: score=0.000 mentions=0 change2h=0.000
Snapshot PNUT: score=0.000 mentions=0 change2h=0.000
Snapshot XLM: score=0.000 mentions=0 change2h=0.000
Snapshot CHILLGUY: score=0.000 mentions=0 change2h=0.000
Snapshot SAND: score=0.000 mentions=0 change2h=0.000
Snapshot IOTA: score=0.000 mentions=0 change2h=0.000
Snapshot ALGO: score=0.000 mentions=0 change2h=0.000
Snapshot HYPE: score=0.000 mentions=0 change2h=-0.133
Snapshot ME: score=0.000 mentions=0 change2h=0.000
Snapshot MOVE: score=0.000 mentions=0 change2h=0.000
Snapshot USUAL: score=0.000 mentions=0 change2h=0.000
Snapshot AI16Z: score=0.000 mentions=0 change2h=0.000
Snapshot AIXBT: score=0.000 mentions=0 change2h=0.000
Snapshot ZEREBRO: score=0.000 mentions=0 change2h=0.000
Snapshot BIO: score=0.000 mentions=0 change2h=0.000
Snapshot GRIFFAIN: score=0.000 mentions=0 change2h=0.000
Snapshot SPX: score=0.000 mentions=0 change2h=0.000
Snapshot S: score=0.000 mentions=1 change2h=0.167
Snapshot MELANIA: score=0.000 mentions=0 change2h=0.000
Snapshot ANIME: score=0.000 mentions=0 change2h=0.000
Snapshot VINE: score=0.000 mentions=0 change2h=0.000
Snapshot JELLY: score=0.000 mentions=0 change2h=0.000
Snapshot BERA: score=0.000 mentions=0 change2h=0.000
Snapshot TST: score=0.000 mentions=0 change2h=0.000
Snapshot LAYER: score=0.913 mentions=1 change2h=0.913
Snapshot IP: score=0.000 mentions=0 change2h=0.000
Snapshot OM: score=0.000 mentions=0 change2h=0.000
Snapshot KAITO: score=0.000 mentions=0 change2h=0.000
Snapshot NIL: score=0.000 mentions=0 change2h=0.000
Snapshot PAXG: score=0.000 mentions=0 change2h=0.000
Snapshot BABY: score=0.000 mentions=0 change2h=0.000
Snapshot WCT: score=0.000 mentions=0 change2h=0.000
Snapshot HYPER: score=0.000 mentions=0 change2h=0.000
Snapshot ZORA: score=0.000 mentions=0 change2h=0.000
Snapshot INIT: score=0.000 mentions=0 change2h=0.000
Snapshot DOOD: score=0.000 mentions=0 change2h=0.000
Snapshot LAUNCHCOIN: score=0.000 mentions=0 change2h=0.000
Snapshot NXPC: score=0.000 mentions=0 change2h=0.000
Snapshot SOPH: score=0.000 mentions=0 change2h=0.000
Snapshot RESOLV: score=0.000 mentions=0 change2h=0.000
Snapshot SYRUP: score=0.000 mentions=0 change2h=0.000
Snapshot PROVE: score=0.000 mentions=0 change2h=0.000
Snapshot YZY: score=0.000 mentions=0 change2h=0.000
Snapshot WLFI: score=0.000 mentions=0 change2h=0.000
Snapshot SKY: score=0.000 mentions=0 change2h=0.000
Snapshot ASTER: score=0.000 mentions=0 change2h=0.000
Snapshot AVNT: score=0.000 mentions=0 change2h=0.000
Snapshot STBL: score=0.000 mentions=0 change2h=0.000
Snapshot 0G: score=0.000 mentions=0 change2h=0.000
Snapshot HEMI: score=0.000 mentions=0 change2h=0.000
Snapshot APEX: score=0.000 mentions=0 change2h=0.000
Snapshot 2Z: score=0.000 mentions=0 change2h=0.000
Snapshot ZEC: score=0.000 mentions=0 change2h=0.400
Snapshot MON: score=0.000 mentions=0 change2h=0.000
Snapshot MET: score=0.000 mentions=0 change2h=0.000
Snapshot MEGA: score=0.000 mentions=0 change2h=-0.600
Snapshot CC: score=0.000 mentions=0 change2h=0.000
Snapshot ICP: score=0.000 mentions=0 change2h=0.000
Snapshot AERO: score=0.000 mentions=0 change2h=0.000
✅ Sentiment pipeline cycle completed.
💤 Sleeping for 900s...

[2025-11-23T23:07:42.627Z] 🧠 Running Sentiment Pipeline...
[RSS] fetching coindesk (https://www.coindesk.com/arc/outboundfeeds/rss/?outputType=xml)
[RSS] parsed 0 new rows (post-dedupe) for coindesk
[RSS] fetching cointelegraph (https://cointelegraph.com/rss)
[RSS] parsed 0 new rows (post-dedupe) for cointelegraph
[RSS] fetching decrypt (https://decrypt.co/feed)
[RSS] parsed 0 new rows (post-dedupe) for decrypt
[RSS] fetching cryptoslate (http://localhost:1200/cryptoslate)
[RSS error] cryptoslate failed: Error: Status code 503
[RSS] fetching cn_jinse_all (http://localhost:1200/jinse/lives)
[RSS] parsed 0 new rows (post-dedupe) for cn_jinse_all
[RSS] fetching cn_jinse_policy (http://localhost:1200/jinse/lives/2)
[RSS] parsed 0 new rows (post-dedupe) for cn_jinse_policy
[RSS] fetching cn_odaily_newsflash (https://rss.odaily.news/rss/newsflash)
[RSS] parsed 0 new rows (post-dedupe) for cn_odaily_newsflash
[RSS] fetching cn_odaily_articles (https://rss.odaily.news/rss/post)
[RSS] parsed 0 new rows (post-dedupe) for cn_odaily_articles
[RSS] fetching cn_blockbeats_newsflash (https://api.theblockbeats.news/v2/rss/newsflash)
[RSS] parsed 0 new rows (post-dedupe) for cn_blockbeats_newsflash
[RSS] fetching cn_blockbeats_article (https://api.theblockbeats.news/v2/rss/article)
[RSS] parsed 0 new rows (post-dedupe) for cn_blockbeats_article
Twitter rate limited, skipping this run { limit: 1, remaining: 0, reset: 1763939648 }
Snapshot BTC: score=0.241 mentions=4 change2h=0.277
Snapshot ETH: score=0.457 mentions=2 change2h=0.457
Snapshot SOL: score=0.000 mentions=0 change2h=-0.600
Snapshot ARB: score=0.000 mentions=0 change2h=-1.000
Snapshot VVV: score=0.000 mentions=0 change2h=0.000
Snapshot FARTCOIN: score=0.000 mentions=0 change2h=-0.400
Snapshot ZEN: score=0.000 mentions=0 change2h=0.000
Snapshot PUMP: score=0.000 mentions=0 change2h=0.000
Snapshot AAVE: score=0.944 mentions=1 change2h=0.000
Snapshot XPL: score=0.000 mentions=0 change2h=0.000
Snapshot AVAX: score=0.000 mentions=0 change2h=0.000
Snapshot PENDLE: score=0.000 mentions=0 change2h=0.000
Snapshot ADA: score=0.000 mentions=0 change2h=0.000
Snapshot FET: score=0.000 mentions=0 change2h=0.000
Snapshot COMP: score=0.000 mentions=0 change2h=0.000
Snapshot PROMPT: score=0.000 mentions=0 change2h=0.000
Snapshot TRUMP: score=0.000 mentions=0 change2h=0.000
Snapshot VIRTUAL: score=0.000 mentions=0 change2h=0.000
Snapshot SUI: score=0.000 mentions=0 change2h=0.000
Snapshot MEME: score=0.000 mentions=0 change2h=0.000
Snapshot JUP: score=0.000 mentions=0 change2h=0.000
Snapshot MORPHO: score=0.000 mentions=0 change2h=0.000
Snapshot PENGU: score=0.000 mentions=0 change2h=0.000
Snapshot ATOM: score=0.000 mentions=0 change2h=0.000
Snapshot NEAR: score=0.000 mentions=0 change2h=0.267
Snapshot BSV: score=0.000 mentions=0 change2h=0.000
Snapshot LINEA: score=0.000 mentions=1 change2h=0.000
Snapshot MATIC: score=0.000 mentions=0 change2h=0.000
Snapshot DYDX: score=0.000 mentions=0 change2h=0.000
Snapshot BNB: score=0.000 mentions=0 change2h=-0.400
Snapshot APE: score=0.000 mentions=0 change2h=0.000
Snapshot OP: score=0.000 mentions=0 change2h=-1.000
Snapshot LTC: score=0.000 mentions=0 change2h=0.000
Snapshot DOGE: score=-0.517 mentions=1 change2h=0.000
Snapshot INJ: score=0.000 mentions=0 change2h=0.000
Snapshot KPEPE: score=0.000 mentions=0 change2h=0.000
Snapshot CRV: score=0.000 mentions=0 change2h=0.000
Snapshot LDO: score=0.000 mentions=0 change2h=0.000
Snapshot LINK: score=0.000 mentions=0 change2h=0.000
Snapshot STX: score=0.000 mentions=0 change2h=0.000
Snapshot RNDR: score=0.000 mentions=0 change2h=0.000
Snapshot CFX: score=0.000 mentions=0 change2h=0.000
Snapshot FTM: score=0.000 mentions=0 change2h=0.000
Snapshot GMX: score=0.000 mentions=0 change2h=0.000
Snapshot SNX: score=0.000 mentions=0 change2h=0.000
Snapshot XRP: score=0.000 mentions=0 change2h=0.400
Snapshot BCH: score=0.000 mentions=0 change2h=0.000
Snapshot APT: score=0.000 mentions=0 change2h=0.000
Snapshot MKR: score=0.000 mentions=0 change2h=0.000
Snapshot WLD: score=0.000 mentions=0 change2h=0.000
Snapshot FXS: score=0.000 mentions=0 change2h=0.000
Snapshot HPOS: score=0.000 mentions=0 change2h=0.000
Snapshot RLB: score=0.000 mentions=0 change2h=0.000
Snapshot UNIBOT: score=0.000 mentions=0 change2h=0.000
Snapshot YGG: score=0.000 mentions=0 change2h=0.000
Snapshot TRX: score=0.000 mentions=0 change2h=0.000
Snapshot KSHIB: score=0.000 mentions=0 change2h=0.000
Snapshot UNI: score=0.000 mentions=0 change2h=-0.400
Snapshot SEI: score=0.000 mentions=0 change2h=0.000
Snapshot RUNE: score=0.000 mentions=0 change2h=0.000
Snapshot OX: score=0.000 mentions=0 change2h=0.000
Snapshot FRIEND: score=0.000 mentions=0 change2h=0.000
Snapshot SHIA: score=0.000 mentions=0 change2h=0.000
Snapshot CYBER: score=0.000 mentions=0 change2h=0.000
Snapshot ZRO: score=0.000 mentions=0 change2h=0.000
Snapshot BLZ: score=0.000 mentions=0 change2h=0.000
Snapshot DOT: score=0.000 mentions=0 change2h=0.000
Snapshot BANANA: score=0.000 mentions=0 change2h=0.000
Snapshot TRB: score=0.000 mentions=0 change2h=0.000
Snapshot FTT: score=0.000 mentions=0 change2h=0.000
Snapshot LOOM: score=0.000 mentions=0 change2h=0.000
Snapshot OGN: score=0.000 mentions=0 change2h=0.000
Snapshot RDNT: score=0.000 mentions=0 change2h=0.000
Snapshot ARK: score=0.000 mentions=0 change2h=0.200
Snapshot BNT: score=0.000 mentions=0 change2h=0.000
Snapshot CANTO: score=0.000 mentions=0 change2h=0.000
Snapshot REQ: score=0.000 mentions=0 change2h=0.000
Snapshot BIGTIME: score=0.000 mentions=0 change2h=0.000
Snapshot KAS: score=0.000 mentions=0 change2h=0.000
Snapshot ORBS: score=0.000 mentions=0 change2h=0.000
Snapshot BLUR: score=0.000 mentions=0 change2h=0.000
Snapshot TIA: score=0.000 mentions=0 change2h=0.000
Snapshot TON: score=0.000 mentions=0 change2h=0.000
Snapshot MINA: score=0.000 mentions=0 change2h=0.000
Snapshot POLYX: score=0.000 mentions=0 change2h=0.000
Snapshot GAS: score=0.000 mentions=0 change2h=0.000
Snapshot STG: score=0.000 mentions=0 change2h=0.000
Snapshot STRAX: score=0.000 mentions=0 change2h=0.000
Snapshot ORDI: score=0.000 mentions=0 change2h=0.000
Snapshot BADGER: score=0.000 mentions=0 change2h=0.000
Snapshot NEO: score=0.000 mentions=0 change2h=0.000
Snapshot FIL: score=0.000 mentions=0 change2h=0.000
Snapshot PYTH: score=0.000 mentions=0 change2h=0.000
Snapshot SUSHI: score=0.000 mentions=0 change2h=0.000
Snapshot ILV: score=0.000 mentions=0 change2h=0.000
Snapshot IMX: score=0.000 mentions=0 change2h=0.000
Snapshot KBONK: score=0.000 mentions=0 change2h=0.000
Snapshot GMT: score=0.000 mentions=0 change2h=0.000
Snapshot SUPER: score=0.000 mentions=0 change2h=0.000
Snapshot USTC: score=0.000 mentions=0 change2h=0.000
Snapshot NFTI: score=0.000 mentions=0 change2h=0.000
Snapshot KLUNC: score=0.000 mentions=0 change2h=0.000
Snapshot RSR: score=0.000 mentions=0 change2h=0.000
Snapshot GALA: score=0.000 mentions=0 change2h=0.000
Snapshot JTO: score=0.000 mentions=0 change2h=0.000
Snapshot NTRN: score=0.000 mentions=0 change2h=0.000
Snapshot ACE: score=0.000 mentions=0 change2h=0.000
Snapshot MAV: score=0.000 mentions=0 change2h=-0.400
Snapshot WIF: score=0.000 mentions=0 change2h=0.000
Snapshot CAKE: score=0.000 mentions=0 change2h=0.000
Snapshot PEOPLE: score=0.000 mentions=0 change2h=0.000
Snapshot ENS: score=0.000 mentions=0 change2h=0.000
Snapshot ETC: score=0.000 mentions=0 change2h=0.000
Snapshot XAI: score=0.000 mentions=0 change2h=0.000
Snapshot MANTA: score=0.000 mentions=0 change2h=0.000
Snapshot UMA: score=0.000 mentions=0 change2h=0.000
Snapshot ONDO: score=0.000 mentions=0 change2h=0.000
Snapshot ALT: score=0.000 mentions=0 change2h=0.200
Snapshot ZETA: score=0.000 mentions=0 change2h=0.000
Snapshot DYM: score=0.000 mentions=0 change2h=-0.400
Snapshot MAVIA: score=0.000 mentions=0 change2h=0.000
Snapshot W: score=0.000 mentions=0 change2h=0.000
Snapshot PANDORA: score=0.000 mentions=0 change2h=0.000
Snapshot STRK: score=0.000 mentions=0 change2h=0.000
Snapshot PIXEL: score=0.000 mentions=0 change2h=0.000
Snapshot AI: score=-0.836 mentions=1 change2h=-0.836
Snapshot TAO: score=0.000 mentions=0 change2h=0.000
Snapshot AR: score=0.000 mentions=0 change2h=0.000
Snapshot MYRO: score=0.000 mentions=0 change2h=0.000
Snapshot KFLOKI: score=0.000 mentions=0 change2h=0.000
Snapshot BOME: score=0.000 mentions=0 change2h=0.000
Snapshot ETHFI: score=0.000 mentions=0 change2h=0.000
Snapshot ENA: score=0.000 mentions=0 change2h=0.000
Snapshot MNT: score=0.000 mentions=0 change2h=0.000
Snapshot TNSR: score=0.000 mentions=0 change2h=-0.400
Snapshot SAGA: score=0.000 mentions=0 change2h=0.000
Snapshot MERL: score=0.000 mentions=0 change2h=0.000
Snapshot HBAR: score=0.000 mentions=0 change2h=0.000
Snapshot POPCAT: score=0.000 mentions=0 change2h=0.000
Snapshot OMNI: score=0.000 mentions=0 change2h=0.000
Snapshot EIGEN: score=0.000 mentions=0 change2h=0.000
Snapshot REZ: score=0.000 mentions=0 change2h=0.000
Snapshot NOT: score=0.804 mentions=1 change2h=0.000
Snapshot TURBO: score=0.000 mentions=0 change2h=0.000
Snapshot BRETT: score=0.000 mentions=0 change2h=0.000
Snapshot IO: score=0.000 mentions=0 change2h=0.000
Snapshot ZK: score=0.000 mentions=0 change2h=0.000
Snapshot BLAST: score=0.000 mentions=0 change2h=0.000
Snapshot LISTA: score=0.000 mentions=0 change2h=0.000
Snapshot MEW: score=0.000 mentions=0 change2h=0.000
Snapshot RENDER: score=0.000 mentions=0 change2h=0.000
Snapshot KDOGS: score=0.000 mentions=0 change2h=0.000
Snapshot POL: score=0.000 mentions=0 change2h=0.000
Snapshot CATI: score=0.000 mentions=0 change2h=0.000
Snapshot CELO: score=0.000 mentions=0 change2h=0.000
Snapshot HMSTR: score=0.000 mentions=0 change2h=0.000
Snapshot SCR: score=0.000 mentions=0 change2h=0.000
Snapshot NEIROETH: score=0.000 mentions=0 change2h=0.000
Snapshot KNEIRO: score=0.000 mentions=0 change2h=0.000
Snapshot GOAT: score=0.000 mentions=0 change2h=0.000
Snapshot MOODENG: score=0.000 mentions=0 change2h=0.000
Snapshot GRASS: score=0.000 mentions=0 change2h=0.000
Snapshot PURR: score=0.000 mentions=0 change2h=0.000
Snapshot PNUT: score=0.000 mentions=0 change2h=0.000
Snapshot XLM: score=0.000 mentions=0 change2h=0.000
Snapshot CHILLGUY: score=0.000 mentions=0 change2h=0.000
Snapshot SAND: score=0.000 mentions=0 change2h=0.000
Snapshot IOTA: score=0.000 mentions=0 change2h=0.000
Snapshot ALGO: score=0.000 mentions=0 change2h=0.000
Snapshot HYPE: score=0.000 mentions=0 change2h=-0.133
Snapshot ME: score=0.000 mentions=0 change2h=0.000
Snapshot MOVE: score=0.000 mentions=0 change2h=0.000
Snapshot USUAL: score=0.000 mentions=0 change2h=0.000
Snapshot AI16Z: score=0.000 mentions=0 change2h=0.000
Snapshot AIXBT: score=0.000 mentions=0 change2h=0.000
Snapshot ZEREBRO: score=0.000 mentions=0 change2h=0.000
Snapshot BIO: score=0.000 mentions=0 change2h=0.000
Snapshot GRIFFAIN: score=0.000 mentions=0 change2h=0.000
Snapshot SPX: score=0.000 mentions=0 change2h=0.000
Snapshot S: score=0.000 mentions=1 change2h=0.167
Snapshot MELANIA: score=0.000 mentions=0 change2h=0.000
Snapshot ANIME: score=0.000 mentions=0 change2h=0.000
Snapshot VINE: score=0.000 mentions=0 change2h=0.000
Snapshot JELLY: score=0.000 mentions=0 change2h=0.000
Snapshot BERA: score=0.000 mentions=0 change2h=0.000
Snapshot TST: score=0.000 mentions=0 change2h=0.000
Snapshot LAYER: score=0.913 mentions=1 change2h=0.913
Snapshot IP: score=0.000 mentions=0 change2h=0.000
Snapshot OM: score=0.000 mentions=0 change2h=0.000
Snapshot KAITO: score=0.000 mentions=0 change2h=0.000
Snapshot NIL: score=0.000 mentions=0 change2h=0.000
Snapshot PAXG: score=0.000 mentions=0 change2h=0.000
Snapshot BABY: score=0.000 mentions=0 change2h=0.000
Snapshot WCT: score=0.000 mentions=0 change2h=0.000
Snapshot HYPER: score=0.000 mentions=0 change2h=0.000
Snapshot ZORA: score=0.000 mentions=0 change2h=0.000
Snapshot INIT: score=0.000 mentions=0 change2h=0.000
Snapshot DOOD: score=0.000 mentions=0 change2h=0.000
Snapshot LAUNCHCOIN: score=0.000 mentions=0 change2h=0.000
Snapshot NXPC: score=0.000 mentions=0 change2h=0.000
Snapshot SOPH: score=0.000 mentions=0 change2h=0.000
Snapshot RESOLV: score=0.000 mentions=0 change2h=0.000
Snapshot SYRUP: score=0.000 mentions=0 change2h=0.000
Snapshot PROVE: score=0.000 mentions=0 change2h=0.000
Snapshot YZY: score=0.000 mentions=0 change2h=0.000
Snapshot WLFI: score=0.000 mentions=0 change2h=0.000
Snapshot SKY: score=0.000 mentions=0 change2h=0.000
Snapshot ASTER: score=0.000 mentions=0 change2h=0.000
Snapshot AVNT: score=0.000 mentions=0 change2h=0.000
Snapshot STBL: score=0.000 mentions=0 change2h=0.000
Snapshot 0G: score=0.000 mentions=0 change2h=0.000
Snapshot HEMI: score=0.000 mentions=0 change2h=0.000
Snapshot APEX: score=0.000 mentions=0 change2h=0.000
Snapshot 2Z: score=0.000 mentions=0 change2h=0.000
Snapshot ZEC: score=0.000 mentions=0 change2h=0.400
Snapshot MON: score=0.000 mentions=0 change2h=0.000
Snapshot MET: score=0.000 mentions=0 change2h=0.000
Snapshot MEGA: score=0.000 mentions=0 change2h=-0.600
Snapshot CC: score=0.000 mentions=0 change2h=0.000
Snapshot ICP: score=0.000 mentions=0 change2h=0.000
Snapshot AERO: score=0.000 mentions=0 change2h=0.000
✅ Sentiment pipeline cycle completed.
💤 Sleeping for 900s...

[2025-11-23T23:23:00.233Z] 🧠 Running Sentiment Pipeline...
[RSS] fetching coindesk (https://www.coindesk.com/arc/outboundfeeds/rss/?outputType=xml)
[RSS] parsed 0 new rows (post-dedupe) for coindesk
[RSS] fetching cointelegraph (https://cointelegraph.com/rss)
[RSS] parsed 0 new rows (post-dedupe) for cointelegraph
[RSS] fetching decrypt (https://decrypt.co/feed)
[RSS] parsed 0 new rows (post-dedupe) for decrypt
[RSS] fetching cryptoslate (http://localhost:1200/cryptoslate)
[RSS error] cryptoslate failed: Error: Status code 503
[RSS] fetching cn_jinse_all (http://localhost:1200/jinse/lives)
[RSS] parsed 0 new rows (post-dedupe) for cn_jinse_all
[RSS] fetching cn_jinse_policy (http://localhost:1200/jinse/lives/2)
[RSS] parsed 0 new rows (post-dedupe) for cn_jinse_policy
[RSS] fetching cn_odaily_newsflash (https://rss.odaily.news/rss/newsflash)
[RSS] parsed 0 new rows (post-dedupe) for cn_odaily_newsflash
[RSS] fetching cn_odaily_articles (https://rss.odaily.news/rss/post)
[RSS] parsed 0 new rows (post-dedupe) for cn_odaily_articles
[RSS] fetching cn_blockbeats_newsflash (https://api.theblockbeats.news/v2/rss/newsflash)
[RSS] parsed 0 new rows (post-dedupe) for cn_blockbeats_newsflash
[RSS] fetching cn_blockbeats_article (https://api.theblockbeats.news/v2/rss/article)
[RSS] parsed 0 new rows (post-dedupe) for cn_blockbeats_article
Twitter rate limited, skipping this run { limit: 1, remaining: 0, reset: 1763940548 }
Snapshot BTC: score=0.363 mentions=4 change2h=0.735
Snapshot ETH: score=0.457 mentions=2 change2h=0.457
Snapshot SOL: score=0.000 mentions=0 change2h=-0.600
Snapshot ARB: score=0.000 mentions=0 change2h=-1.000
Snapshot VVV: score=0.000 mentions=0 change2h=0.000
Snapshot FARTCOIN: score=0.000 mentions=0 change2h=-0.400
Snapshot ZEN: score=0.000 mentions=0 change2h=0.000
Snapshot PUMP: score=0.000 mentions=0 change2h=0.000
Snapshot AAVE: score=0.944 mentions=1 change2h=0.000
Snapshot XPL: score=0.000 mentions=0 change2h=0.000
Snapshot AVAX: score=0.000 mentions=0 change2h=0.000
Snapshot PENDLE: score=0.000 mentions=0 change2h=0.000
Snapshot ADA: score=0.000 mentions=0 change2h=0.000
Snapshot FET: score=0.000 mentions=0 change2h=0.000
Snapshot COMP: score=0.000 mentions=0 change2h=0.000
Snapshot PROMPT: score=0.000 mentions=0 change2h=0.000
Snapshot TRUMP: score=0.000 mentions=0 change2h=0.000
Snapshot VIRTUAL: score=0.000 mentions=0 change2h=0.000
Snapshot SUI: score=0.000 mentions=0 change2h=0.000
Snapshot MEME: score=0.000 mentions=0 change2h=0.000
Snapshot JUP: score=0.000 mentions=0 change2h=0.000
Snapshot MORPHO: score=0.000 mentions=0 change2h=0.000
Snapshot PENGU: score=0.000 mentions=0 change2h=0.000
Snapshot ATOM: score=0.000 mentions=0 change2h=0.000
Snapshot NEAR: score=0.000 mentions=0 change2h=0.267
Snapshot BSV: score=0.000 mentions=0 change2h=0.000
Snapshot LINEA: score=0.000 mentions=1 change2h=0.000
Snapshot MATIC: score=0.000 mentions=0 change2h=0.000
Snapshot DYDX: score=0.000 mentions=0 change2h=0.000
Snapshot BNB: score=0.000 mentions=0 change2h=-0.400
Snapshot APE: score=0.000 mentions=0 change2h=0.000
Snapshot OP: score=0.000 mentions=0 change2h=-1.000
Snapshot LTC: score=0.000 mentions=0 change2h=0.000
Snapshot DOGE: score=-0.517 mentions=1 change2h=0.000
Snapshot INJ: score=0.000 mentions=0 change2h=0.000
Snapshot KPEPE: score=0.000 mentions=0 change2h=0.000
Snapshot CRV: score=0.000 mentions=0 change2h=0.000
Snapshot LDO: score=0.000 mentions=0 change2h=0.000
Snapshot LINK: score=0.000 mentions=0 change2h=0.000
Snapshot STX: score=0.000 mentions=0 change2h=0.000
Snapshot RNDR: score=0.000 mentions=0 change2h=0.000
Snapshot CFX: score=0.000 mentions=0 change2h=0.000
Snapshot FTM: score=0.000 mentions=0 change2h=0.000
Snapshot GMX: score=0.000 mentions=0 change2h=0.000
Snapshot SNX: score=0.000 mentions=0 change2h=0.000
Snapshot XRP: score=0.000 mentions=0 change2h=0.400
Snapshot BCH: score=0.000 mentions=0 change2h=0.000
Snapshot APT: score=0.000 mentions=0 change2h=0.000
Snapshot MKR: score=0.000 mentions=0 change2h=0.000
Snapshot WLD: score=0.000 mentions=0 change2h=0.000
Snapshot FXS: score=0.000 mentions=0 change2h=0.000
Snapshot HPOS: score=0.000 mentions=0 change2h=0.000
Snapshot RLB: score=0.000 mentions=0 change2h=0.000
Snapshot UNIBOT: score=0.000 mentions=0 change2h=0.000
Snapshot YGG: score=0.000 mentions=0 change2h=0.000
Snapshot TRX: score=0.000 mentions=0 change2h=0.000
Snapshot KSHIB: score=0.000 mentions=0 change2h=0.000
Snapshot UNI: score=0.000 mentions=0 change2h=-0.400
Snapshot SEI: score=0.000 mentions=0 change2h=0.000
Snapshot RUNE: score=0.000 mentions=0 change2h=0.000
Snapshot OX: score=0.000 mentions=0 change2h=0.000
Snapshot FRIEND: score=0.000 mentions=0 change2h=0.000
Snapshot SHIA: score=0.000 mentions=0 change2h=0.000
Snapshot CYBER: score=0.000 mentions=0 change2h=0.000
Snapshot ZRO: score=0.000 mentions=0 change2h=0.000
Snapshot BLZ: score=0.000 mentions=0 change2h=0.000
Snapshot DOT: score=0.000 mentions=0 change2h=0.000
Snapshot BANANA: score=0.000 mentions=0 change2h=0.000
Snapshot TRB: score=0.000 mentions=0 change2h=0.000
Snapshot FTT: score=0.000 mentions=0 change2h=0.000
Snapshot LOOM: score=0.000 mentions=0 change2h=0.000
Snapshot OGN: score=0.000 mentions=0 change2h=0.000
Snapshot RDNT: score=0.000 mentions=0 change2h=0.000
Snapshot ARK: score=0.000 mentions=0 change2h=0.200
Snapshot BNT: score=0.000 mentions=0 change2h=0.000
Snapshot CANTO: score=0.000 mentions=0 change2h=0.000
Snapshot REQ: score=0.000 mentions=0 change2h=0.000
Snapshot BIGTIME: score=0.000 mentions=0 change2h=0.000
Snapshot KAS: score=0.000 mentions=0 change2h=0.000
Snapshot ORBS: score=0.000 mentions=0 change2h=0.000
Snapshot BLUR: score=0.000 mentions=0 change2h=0.000
Snapshot TIA: score=0.000 mentions=0 change2h=0.000
Snapshot TON: score=0.000 mentions=0 change2h=0.000
Snapshot MINA: score=0.000 mentions=0 change2h=0.000
Snapshot POLYX: score=0.000 mentions=0 change2h=0.000
Snapshot GAS: score=0.000 mentions=0 change2h=0.000
Snapshot STG: score=0.000 mentions=0 change2h=0.000
Snapshot STRAX: score=0.000 mentions=0 change2h=0.000
Snapshot ORDI: score=0.000 mentions=0 change2h=0.000
Snapshot BADGER: score=0.000 mentions=0 change2h=0.000
Snapshot NEO: score=0.000 mentions=0 change2h=0.000
Snapshot FIL: score=0.000 mentions=0 change2h=0.000
Snapshot PYTH: score=0.000 mentions=0 change2h=0.000
Snapshot SUSHI: score=0.000 mentions=0 change2h=0.000
Snapshot ILV: score=0.000 mentions=0 change2h=0.000
Snapshot IMX: score=0.000 mentions=0 change2h=0.000
Snapshot KBONK: score=0.000 mentions=0 change2h=0.000
Snapshot GMT: score=0.000 mentions=0 change2h=0.000
Snapshot SUPER: score=0.000 mentions=0 change2h=0.000
Snapshot USTC: score=0.000 mentions=0 change2h=0.000
Snapshot NFTI: score=0.000 mentions=0 change2h=0.000
Snapshot KLUNC: score=0.000 mentions=0 change2h=0.000
Snapshot RSR: score=0.000 mentions=0 change2h=0.000
Snapshot GALA: score=0.000 mentions=0 change2h=0.000
Snapshot JTO: score=0.000 mentions=0 change2h=0.000
Snapshot NTRN: score=0.000 mentions=0 change2h=0.000
Snapshot ACE: score=0.000 mentions=0 change2h=0.000
Snapshot MAV: score=0.000 mentions=0 change2h=-0.400
Snapshot WIF: score=0.000 mentions=0 change2h=0.000
Snapshot CAKE: score=0.000 mentions=0 change2h=0.000
Snapshot PEOPLE: score=0.000 mentions=0 change2h=0.000
Snapshot ENS: score=0.000 mentions=0 change2h=0.000
Snapshot ETC: score=0.000 mentions=0 change2h=0.000
Snapshot XAI: score=0.000 mentions=0 change2h=0.000
Snapshot MANTA: score=0.000 mentions=0 change2h=0.000
Snapshot UMA: score=0.000 mentions=0 change2h=0.000
Snapshot ONDO: score=0.000 mentions=0 change2h=0.000
Snapshot ALT: score=0.000 mentions=0 change2h=0.200
Snapshot ZETA: score=0.000 mentions=0 change2h=0.000
Snapshot DYM: score=0.000 mentions=0 change2h=-0.400
Snapshot MAVIA: score=0.000 mentions=0 change2h=0.000
Snapshot W: score=0.000 mentions=0 change2h=0.000
Snapshot PANDORA: score=0.000 mentions=0 change2h=0.000
Snapshot STRK: score=0.000 mentions=0 change2h=0.000
Snapshot PIXEL: score=0.000 mentions=0 change2h=0.000
Snapshot AI: score=-0.879 mentions=2 change2h=-0.879
Snapshot TAO: score=0.000 mentions=0 change2h=0.000
Snapshot AR: score=0.000 mentions=0 change2h=0.000
Snapshot MYRO: score=0.000 mentions=0 change2h=0.000
Snapshot KFLOKI: score=0.000 mentions=0 change2h=0.000
Snapshot BOME: score=0.000 mentions=0 change2h=0.000
Snapshot ETHFI: score=0.000 mentions=0 change2h=0.000
Snapshot ENA: score=0.000 mentions=0 change2h=0.000
Snapshot MNT: score=0.000 mentions=0 change2h=0.000
Snapshot TNSR: score=0.000 mentions=0 change2h=-0.400
Snapshot SAGA: score=0.000 mentions=0 change2h=0.000
Snapshot MERL: score=0.000 mentions=0 change2h=0.000
Snapshot HBAR: score=0.000 mentions=0 change2h=0.000
Snapshot POPCAT: score=0.000 mentions=0 change2h=0.000
Snapshot OMNI: score=0.000 mentions=0 change2h=0.000
Snapshot EIGEN: score=0.000 mentions=0 change2h=0.000
Snapshot REZ: score=0.000 mentions=0 change2h=0.000
Snapshot NOT: score=0.804 mentions=1 change2h=0.000
Snapshot TURBO: score=0.000 mentions=0 change2h=0.000
Snapshot BRETT: score=0.000 mentions=0 change2h=0.000
Snapshot IO: score=0.000 mentions=0 change2h=0.000
Snapshot ZK: score=0.000 mentions=0 change2h=0.000
Snapshot BLAST: score=0.000 mentions=0 change2h=0.000
Snapshot LISTA: score=0.000 mentions=0 change2h=0.000
Snapshot MEW: score=0.000 mentions=0 change2h=0.000
Snapshot RENDER: score=0.000 mentions=0 change2h=0.000
Snapshot KDOGS: score=0.000 mentions=0 change2h=0.000
Snapshot POL: score=0.000 mentions=0 change2h=0.000
Snapshot CATI: score=0.000 mentions=0 change2h=0.000
Snapshot CELO: score=0.000 mentions=0 change2h=0.000
Snapshot HMSTR: score=0.000 mentions=0 change2h=0.000
Snapshot SCR: score=0.000 mentions=0 change2h=0.000
Snapshot NEIROETH: score=0.000 mentions=0 change2h=0.000
Snapshot KNEIRO: score=0.000 mentions=0 change2h=0.000
Snapshot GOAT: score=0.000 mentions=0 change2h=0.000
Snapshot MOODENG: score=0.000 mentions=0 change2h=0.000
Snapshot GRASS: score=0.000 mentions=0 change2h=0.000
Snapshot PURR: score=0.000 mentions=0 change2h=0.000
Snapshot PNUT: score=0.000 mentions=0 change2h=0.000
Snapshot XLM: score=0.000 mentions=0 change2h=0.000
Snapshot CHILLGUY: score=0.000 mentions=0 change2h=0.000
Snapshot SAND: score=0.000 mentions=0 change2h=0.000
Snapshot IOTA: score=0.000 mentions=0 change2h=0.000
Snapshot ALGO: score=0.000 mentions=0 change2h=0.000
Snapshot HYPE: score=0.000 mentions=0 change2h=-0.133
Snapshot ME: score=0.000 mentions=0 change2h=0.000
Snapshot MOVE: score=0.000 mentions=0 change2h=0.000
Snapshot USUAL: score=0.000 mentions=0 change2h=0.000
Snapshot AI16Z: score=0.000 mentions=0 change2h=0.000
Snapshot AIXBT: score=0.000 mentions=0 change2h=0.000
Snapshot ZEREBRO: score=0.000 mentions=0 change2h=0.000
Snapshot BIO: score=0.000 mentions=0 change2h=0.000
Snapshot GRIFFAIN: score=0.000 mentions=0 change2h=0.000
Snapshot SPX: score=0.000 mentions=0 change2h=0.000
Snapshot S: score=0.000 mentions=1 change2h=0.167
Snapshot MELANIA: score=0.000 mentions=0 change2h=0.000
Snapshot ANIME: score=0.000 mentions=0 change2h=0.000
Snapshot VINE: score=0.000 mentions=0 change2h=0.000
Snapshot JELLY: score=0.000 mentions=0 change2h=0.000
Snapshot BERA: score=0.000 mentions=0 change2h=0.000
Snapshot TST: score=0.000 mentions=0 change2h=0.000
Snapshot LAYER: score=0.913 mentions=1 change2h=0.913
Snapshot IP: score=0.000 mentions=0 change2h=0.000
Snapshot OM: score=0.000 mentions=0 change2h=0.000
Snapshot KAITO: score=0.000 mentions=0 change2h=0.000
Snapshot NIL: score=0.000 mentions=0 change2h=0.000
Snapshot PAXG: score=0.000 mentions=0 change2h=0.000
Snapshot BABY: score=0.000 mentions=0 change2h=0.000
Snapshot WCT: score=0.000 mentions=0 change2h=0.000
Snapshot HYPER: score=0.000 mentions=0 change2h=0.000
Snapshot ZORA: score=0.000 mentions=0 change2h=0.000
Snapshot INIT: score=0.000 mentions=0 change2h=0.000
Snapshot DOOD: score=0.000 mentions=0 change2h=0.000
Snapshot LAUNCHCOIN: score=0.000 mentions=0 change2h=0.000
Snapshot NXPC: score=0.000 mentions=0 change2h=0.000
Snapshot SOPH: score=0.000 mentions=0 change2h=0.000
Snapshot RESOLV: score=0.000 mentions=0 change2h=0.000
Snapshot SYRUP: score=0.000 mentions=0 change2h=0.000
Snapshot PROVE: score=0.000 mentions=0 change2h=0.000
Snapshot YZY: score=0.000 mentions=0 change2h=0.000
Snapshot WLFI: score=0.000 mentions=0 change2h=0.000
Snapshot SKY: score=0.000 mentions=0 change2h=0.000
Snapshot ASTER: score=0.000 mentions=0 change2h=0.000
Snapshot AVNT: score=0.000 mentions=0 change2h=0.000
Snapshot STBL: score=0.000 mentions=0 change2h=0.000
Snapshot 0G: score=0.000 mentions=0 change2h=0.000
Snapshot HEMI: score=0.000 mentions=0 change2h=0.000
Snapshot APEX: score=0.000 mentions=0 change2h=0.000
Snapshot 2Z: score=0.000 mentions=0 change2h=0.000
Snapshot ZEC: score=0.000 mentions=0 change2h=0.400
Snapshot MON: score=0.000 mentions=0 change2h=0.000
Snapshot MET: score=0.000 mentions=0 change2h=0.000
Snapshot MEGA: score=0.000 mentions=0 change2h=-0.600
Snapshot CC: score=0.000 mentions=0 change2h=0.000
Snapshot ICP: score=0.000 mentions=0 change2h=0.000
Snapshot AERO: score=0.000 mentions=0 change2h=0.000
✅ Sentiment pipeline cycle completed.
💤 Sleeping for 900s...
